product_code,customer_code,market_code,order_date,sales_qty,sales_amount,currency,date,cy_date,year,month_name,date_yy_mmm
Prod001,Cus001,Mark001,10-10-17,100,41241,INR,10-10-17,01-10-17,2017,October,"17-Oct"
Prod001,Cus002,Mark002,08-05-18,3,-1,INR,8-5-18,01-05-18,2018,May,"18-May"
Prod002,Cus003,Mark003,06-04-18,1,875,INR,6-4-18,01-04-18,2018,April,"18-Apr"
Prod002,Cus003,Mark003,11-04-18,1,583,INR,11-4-18,01-04-18,2018,April,"18-Apr"
Prod002,Cus004,Mark003,18-06-18,6,7176,INR,18-6-18,01-06-18,2018,June,"18-Jun"
Prod003,Cus005,Mark004,20-11-17,59,500,USD,20-11-17,01-11-17,2017,November,"17-Nov"
Prod003,Cus005,Mark004,22-11-17,36,250,USD,22-11-17,01-11-17,2017,November,"17-Nov"
Prod003,Cus005,Mark004,23-11-17,39,21412,INR,23-11-17,01-11-17,2017,November,"17-Nov"
Prod003,Cus005,Mark004,27-11-17,35,19213,INR,27-11-17,01-11-17,2017,November,"17-Nov"
Prod003,Cus005,Mark004,28-11-17,310,170185,INR,28-11-17,01-11-17,2017,November,"17-Nov"
Prod003,Cus005,Mark004,29-11-17,184,101194,INR,29-11-17,01-11-17,2017,November,"17-Nov"
Prod003,Cus005,Mark004,30-11-17,35,19213,INR,30-11-17,01-11-17,2017,November,"17-Nov"
Prod004,Cus005,Mark004,29-11-17,17,9426,INR,29-11-17,01-11-17,2017,November,"17-Nov"
Prod004,Cus005,Mark004,19-12-17,1,218,INR,19-12-17,01-12-17,2017,December,"17-Dec"
Prod005,Cus005,Mark004,07-08-18,5,3093,INR,7-8-18,01-08-18,2018,August,"18-Aug"
Prod003,Cus006,Mark004,04-12-17,58,30306,INR,4-12-17,01-12-17,2017,December,"17-Dec"
Prod005,Cus006,Mark004,29-06-18,38,52319,INR,29-6-18,01-06-18,2018,June,"18-Jun"
Prod005,Cus006,Mark004,02-07-18,93,126296,INR,2-7-18,01-07-18,2018,July,"18-Jul"
Prod005,Cus006,Mark004,03-07-18,79,107500,INR,3-7-18,01-07-18,2018,July,"18-Jul"
Prod005,Cus006,Mark004,04-07-18,1,273,INR,4-7-18,01-07-18,2018,July,"18-Jul"
Prod005,Cus006,Mark004,06-07-18,3,3574,INR,6-7-18,01-07-18,2018,July,"18-Jul"
Prod005,Cus006,Mark004,13-07-18,1,273,INR,13-7-18,01-07-18,2018,July,"18-Jul"
Prod005,Cus006,Mark004,07-06-19,20,23403,INR,7-6-19,01-06-19,2019,June,"19-Jun"
Prod005,Cus006,Mark004,29-07-19,81,76329,INR,29-7-19,01-07-19,2019,July,"19-Jul"
Prod005,Cus006,Mark004,01-08-19,5,4542,INR,1-8-19,01-08-19,2019,August,"19-Aug"
Prod005,Cus006,Mark004,19-09-19,18,16579,INR,19-9-19,01-09-19,2019,September,"19-Sep"
Prod005,Cus006,Mark004,27-09-19,90,105301,INR,27-9-19,01-09-19,2019,September,"19-Sep"
Prod004,Cus007,Mark004,09-10-17,1,185,INR,9-10-17,01-10-17,2017,October,"17-Oct"
Prod004,Cus007,Mark004,13-10-17,1,556,INR,13-10-17,01-10-17,2017,October,"17-Oct"
Prod004,Cus007,Mark004,27-10-17,1,551,INR,27-10-17,01-10-17,2017,October,"17-Oct"
Prod004,Cus007,Mark004,03-11-17,1,167,INR,3-11-17,01-11-17,2017,November,"17-Nov"
Prod004,Cus007,Mark004,06-11-17,1,333,INR,6-11-17,01-11-17,2017,November,"17-Nov"
Prod004,Cus007,Mark004,10-11-17,1,500,INR,10-11-17,01-11-17,2017,November,"17-Nov"
Prod004,Cus007,Mark004,16-11-17,1,333,INR,16-11-17,01-11-17,2017,November,"17-Nov"
Prod004,Cus007,Mark004,17-11-17,1,333,INR,17-11-17,01-11-17,2017,November,"17-Nov"
Prod004,Cus007,Mark004,27-11-17,1,500,INR,27-11-17,01-11-17,2017,November,"17-Nov"
Prod004,Cus007,Mark004,04-12-17,1,833,INR,4-12-17,01-12-17,2017,December,"17-Dec"
Prod004,Cus007,Mark004,08-12-17,1,167,INR,8-12-17,01-12-17,2017,December,"17-Dec"
Prod004,Cus007,Mark004,11-12-17,1,833,INR,11-12-17,01-12-17,2017,December,"17-Dec"
Prod004,Cus007,Mark004,18-12-17,1,1000,INR,18-12-17,01-12-17,2017,December,"17-Dec"
Prod004,Cus007,Mark004,27-12-17,2,1833,INR,27-12-17,01-12-17,2017,December,"17-Dec"
Prod004,Cus007,Mark004,28-12-17,1,167,INR,28-12-17,01-12-17,2017,December,"17-Dec"
Prod004,Cus007,Mark004,05-01-18,1,167,INR,5-1-18,01-01-18,2018,January,"18-Jan"
Prod004,Cus007,Mark004,08-01-18,1,833,INR,8-1-18,01-01-18,2018,January,"18-Jan"
Prod004,Cus007,Mark004,22-01-18,1,167,INR,22-1-18,01-01-18,2018,January,"18-Jan"
Prod004,Cus007,Mark004,21-02-18,26,10657,INR,21-2-18,01-02-18,2018,February,"18-Feb"
Prod004,Cus007,Mark004,23-02-18,1,167,INR,23-2-18,01-02-18,2018,February,"18-Feb"
Prod005,Cus007,Mark004,03-08-18,1,157,INR,3-8-18,01-08-18,2018,August,"18-Aug"
Prod005,Cus007,Mark004,24-08-18,1,315,INR,24-8-18,01-08-18,2018,August,"18-Aug"
Prod005,Cus007,Mark004,21-09-18,1,630,INR,21-9-18,01-09-18,2018,September,"18-Sep"
Prod005,Cus007,Mark004,28-09-18,1,315,INR,28-9-18,01-09-18,2018,September,"18-Sep"
Prod005,Cus007,Mark004,09-11-18,1,157,INR,9-11-18,01-11-18,2018,November,"18-Nov"
Prod005,Cus007,Mark004,16-11-18,1,472,INR,16-11-18,01-11-18,2018,November,"18-Nov"
Prod005,Cus007,Mark004,07-12-18,1,157,INR,7-12-18,01-12-18,2018,December,"18-Dec"
Prod005,Cus007,Mark004,14-12-18,1,157,INR,14-12-18,01-12-18,2018,December,"18-Dec"
Prod005,Cus007,Mark004,25-01-19,1,315,INR,25-1-19,01-01-19,2019,January,"19-Jan"
Prod005,Cus007,Mark004,01-02-19,1,157,INR,1-2-19,01-02-19,2019,February,"19-Feb"
Prod005,Cus007,Mark004,08-02-19,1,472,INR,8-2-19,01-02-19,2019,February,"19-Feb"
Prod005,Cus007,Mark004,15-02-19,1,472,INR,15-2-19,01-02-19,2019,February,"19-Feb"
Prod005,Cus007,Mark004,22-02-19,1,315,INR,22-2-19,01-02-19,2019,February,"19-Feb"
Prod005,Cus007,Mark004,01-03-19,1,472,INR,1-3-19,01-03-19,2019,March,"19-Mar"
Prod005,Cus007,Mark004,08-03-19,1,315,INR,8-3-19,01-03-19,2019,March,"19-Mar"
Prod005,Cus007,Mark004,15-03-19,1,157,INR,15-3-19,01-03-19,2019,March,"19-Mar"
Prod005,Cus007,Mark004,22-03-19,1,315,INR,22-3-19,01-03-19,2019,March,"19-Mar"
Prod005,Cus007,Mark004,29-03-19,1,315,INR,29-3-19,01-03-19,2019,March,"19-Mar"
Prod005,Cus007,Mark004,05-04-19,1,315,INR,5-4-19,01-04-19,2019,April,"19-Apr"
Prod005,Cus007,Mark004,12-04-19,1,787,INR,12-4-19,01-04-19,2019,April,"19-Apr"
Prod005,Cus007,Mark004,23-04-19,1,630,INR,23-4-19,01-04-19,2019,April,"19-Apr"
Prod005,Cus007,Mark004,29-04-19,1,472,INR,29-4-19,01-04-19,2019,April,"19-Apr"
Prod005,Cus007,Mark004,06-05-19,1,315,INR,6-5-19,01-05-19,2019,May,"19-May"
Prod005,Cus007,Mark004,10-05-19,1,787,INR,10-5-19,01-05-19,2019,May,"19-May"
Prod005,Cus007,Mark004,17-05-19,1,1102,INR,17-5-19,01-05-19,2019,May,"19-May"
Prod005,Cus007,Mark004,03-06-19,1,787,INR,3-6-19,01-06-19,2019,June,"19-Jun"
Prod005,Cus007,Mark004,07-06-19,1,157,INR,7-6-19,01-06-19,2019,June,"19-Jun"
Prod005,Cus007,Mark004,17-06-19,1,315,INR,17-6-19,01-06-19,2019,June,"19-Jun"
Prod005,Cus007,Mark004,24-06-19,1,315,INR,24-6-19,01-06-19,2019,June,"19-Jun"
Prod005,Cus007,Mark004,28-06-19,1,315,INR,28-6-19,01-06-19,2019,June,"19-Jun"
Prod005,Cus007,Mark004,05-07-19,1,472,INR,5-7-19,01-07-19,2019,July,"19-Jul"
Prod005,Cus007,Mark004,12-07-19,1,630,INR,12-7-19,01-07-19,2019,July,"19-Jul"
Prod005,Cus007,Mark004,19-07-19,1,944,INR,19-7-19,01-07-19,2019,July,"19-Jul"
Prod005,Cus007,Mark004,26-07-19,2,1417,INR,26-7-19,01-07-19,2019,July,"19-Jul"
Prod005,Cus007,Mark004,02-08-19,2,1417,INR,2-8-19,01-08-19,2019,August,"19-Aug"
Prod005,Cus007,Mark004,09-08-19,1,787,INR,9-8-19,01-08-19,2019,August,"19-Aug"
Prod005,Cus007,Mark004,16-08-19,1,1259,INR,16-8-19,01-08-19,2019,August,"19-Aug"
Prod005,Cus007,Mark004,02-09-19,2,1574,INR,2-9-19,01-09-19,2019,September,"19-Sep"
Prod005,Cus007,Mark004,03-09-19,1,630,INR,3-9-19,01-09-19,2019,September,"19-Sep"
Prod005,Cus007,Mark004,06-09-19,1,157,INR,6-9-19,01-09-19,2019,September,"19-Sep"
Prod005,Cus007,Mark004,13-09-19,2,1417,INR,13-9-19,01-09-19,2019,September,"19-Sep"
Prod005,Cus007,Mark004,20-09-19,1,630,INR,20-9-19,01-09-19,2019,September,"19-Sep"
Prod005,Cus007,Mark004,23-09-19,200,66111,INR,23-9-19,01-09-19,2019,September,"19-Sep"
Prod005,Cus007,Mark004,27-09-19,2,1884,INR,27-9-19,01-09-19,2019,September,"19-Sep"
Prod005,Cus007,Mark004,07-10-19,1,944,INR,7-10-19,01-10-19,2019,October,"19-Oct"
Prod005,Cus007,Mark004,28-10-19,7,2574,INR,28-10-19,01-10-19,2019,October,"19-Oct"
Prod005,Cus007,Mark004,08-11-19,1,630,INR,8-11-19,01-11-19,2019,November,"19-Nov"
Prod005,Cus007,Mark004,15-11-19,1,472,INR,15-11-19,01-11-19,2019,November,"19-Nov"
Prod005,Cus007,Mark004,22-11-19,1,944,INR,22-11-19,01-11-19,2019,November,"19-Nov"
Prod005,Cus007,Mark004,29-11-19,2,1417,INR,29-11-19,01-11-19,2019,November,"19-Nov"
Prod005,Cus007,Mark004,06-12-19,1,1259,INR,6-12-19,01-12-19,2019,December,"19-Dec"
Prod005,Cus007,Mark004,13-12-19,4,3773,INR,13-12-19,01-12-19,2019,December,"19-Dec"
Prod005,Cus007,Mark004,20-12-19,1,315,INR,20-12-19,01-12-19,2019,December,"19-Dec"
Prod005,Cus007,Mark004,09-01-20,1,630,INR,9-1-20,01-01-20,2020,January,"20-Jan"
Prod005,Cus007,Mark004,10-01-20,1,472,INR,10-1-20,01-01-20,2020,January,"20-Jan"
Prod005,Cus007,Mark004,17-01-20,2,2042,INR,17-1-20,01-01-20,2020,January,"20-Jan"
Prod005,Cus007,Mark004,07-02-20,1,417,INR,7-2-20,01-02-20,2020,February,"20-Feb"
Prod005,Cus007,Mark004,14-02-20,1,310,INR,14-2-20,01-02-20,2020,February,"20-Feb"
Prod005,Cus007,Mark004,28-02-20,1,208,INR,28-2-20,01-02-20,2020,February,"20-Feb"
Prod005,Cus007,Mark004,06-03-20,1,620,INR,6-3-20,01-03-20,2020,March,"20-Mar"
Prod005,Cus007,Mark004,13-03-20,1,620,INR,13-3-20,01-03-20,2020,March,"20-Mar"
Prod005,Cus007,Mark004,03-04-20,1,829,INR,3-4-20,01-04-20,2020,April,"20-Apr"
Prod005,Cus007,Mark004,14-04-20,4,2694,INR,14-4-20,01-04-20,2020,April,"20-Apr"
Prod005,Cus007,Mark004,20-04-20,1,102,INR,20-4-20,01-04-20,2020,April,"20-Apr"
Prod005,Cus007,Mark004,15-05-20,2,528,INR,15-5-20,01-05-20,2020,May,"20-May"
Prod006,Cus005,Mark004,24-10-17,1,380,INR,24-10-17,01-10-17,2017,October,"17-Oct"
Prod006,Cus007,Mark004,25-10-17,1,560,INR,25-10-17,01-10-17,2017,October,"17-Oct"
Prod006,Cus007,Mark004,30-10-17,1,560,INR,30-10-17,01-10-17,2017,October,"17-Oct"
Prod006,Cus007,Mark004,27-11-17,1,1116,INR,27-11-17,01-11-17,2017,November,"17-Nov"
Prod006,Cus008,Mark005,11-12-17,1,657,INR,11-12-17,01-12-17,2017,December,"17-Dec"
Prod006,Cus007,Mark004,12-12-17,1,560,INR,12-12-17,01-12-17,2017,December,"17-Dec"
Prod006,Cus008,Mark005,19-12-17,1,657,INR,19-12-17,01-12-17,2017,December,"17-Dec"
Prod006,Cus007,Mark004,12-02-18,1,560,INR,12-2-18,01-02-18,2018,February,"18-Feb"
Prod007,Cus007,Mark004,19-10-18,11,6218,INR,19-10-18,01-10-18,2018,October,"18-Oct"
Prod008,Cus007,Mark004,20-11-17,7,2426,INR,20-11-17,01-11-17,2017,November,"17-Nov"
Prod008,Cus007,Mark004,24-11-17,33,15278,INR,24-11-17,01-11-17,2017,November,"17-Nov"
Prod009,Cus009,Mark002,14-11-18,3,3032,INR,14-11-18,01-11-18,2018,November,"18-Nov"
Prod009,Cus010,Mark003,22-05-19,2,3194,INR,22-5-19,01-05-19,2019,May,"19-May"
Prod009,Cus010,Mark003,23-05-19,1,912,INR,23-5-19,01-05-19,2019,May,"19-May"
Prod009,Cus010,Mark003,28-05-19,1,1824,INR,28-5-19,01-05-19,2019,May,"19-May"
Prod009,Cus010,Mark003,29-05-19,1,458,INR,29-5-19,01-05-19,2019,May,"19-May"
Prod009,Cus003,Mark003,31-05-19,3,4444,INR,31-5-19,01-05-19,2019,May,"19-May"
Prod009,Cus010,Mark003,03-06-19,1,458,INR,3-6-19,01-06-19,2019,June,"19-Jun"
Prod009,Cus010,Mark003,04-06-19,1,458,INR,4-6-19,01-06-19,2019,June,"19-Jun"
Prod009,Cus010,Mark003,05-06-19,1,1824,INR,5-6-19,01-06-19,2019,June,"19-Jun"
Prod009,Cus003,Mark003,05-06-19,2,2667,INR,5-6-19,01-06-19,2019,June,"19-Jun"
Prod009,Cus010,Mark003,06-06-19,14,19171,INR,6-6-19,01-06-19,2019,June,"19-Jun"
Prod009,Cus010,Mark003,07-06-19,1,458,INR,7-6-19,01-06-19,2019,June,"19-Jun"
Prod009,Cus010,Mark003,11-06-19,1,458,INR,11-6-19,01-06-19,2019,June,"19-Jun"
Prod009,Cus010,Mark003,12-06-19,1,458,INR,12-6-19,01-06-19,2019,June,"19-Jun"
Prod009,Cus010,Mark003,14-06-19,1,1370,INR,14-6-19,01-06-19,2019,June,"19-Jun"
Prod009,Cus003,Mark003,14-06-19,2,2667,INR,14-6-19,01-06-19,2019,June,"19-Jun"
Prod009,Cus003,Mark003,17-06-19,1,1333,INR,17-6-19,01-06-19,2019,June,"19-Jun"
Prod009,Cus011,Mark003,18-06-19,1,597,INR,18-6-19,01-06-19,2019,June,"19-Jun"
Prod009,Cus003,Mark003,18-06-19,7,8889,INR,18-6-19,01-06-19,2019,June,"19-Jun"
Prod009,Cus003,Mark003,19-06-19,1,1778,INR,19-6-19,01-06-19,2019,June,"19-Jun"
Prod009,Cus010,Mark003,28-06-19,7,9130,INR,28-6-19,01-06-19,2019,June,"19-Jun"
Prod010,Cus011,Mark003,23-04-18,1,602,INR,23-4-18,01-04-18,2018,April,"18-Apr"
Prod010,Cus012,Mark003,03-05-18,2,3227,INR,3-5-18,01-05-18,2018,May,"18-May"
Prod010,Cus003,Mark003,04-05-18,1,449,INR,4-5-18,01-05-18,2018,May,"18-May"
Prod010,Cus003,Mark003,07-05-18,1,449,INR,7-5-18,01-05-18,2018,May,"18-May"
Prod010,Cus003,Mark003,09-05-18,1,449,INR,9-5-18,01-05-18,2018,May,"18-May"
Prod010,Cus003,Mark003,11-05-18,1,449,INR,11-5-18,01-05-18,2018,May,"18-May"
Prod010,Cus013,Mark003,11-05-18,7,9880,INR,11-5-18,01-05-18,2018,May,"18-May"
Prod010,Cus011,Mark003,16-05-18,1,301,INR,16-5-18,01-05-18,2018,May,"18-May"
Prod010,Cus014,Mark003,16-05-18,6,7954,INR,16-5-18,01-05-18,2018,May,"18-May"
Prod010,Cus012,Mark003,17-05-18,1,2153,INR,17-5-18,01-05-18,2018,May,"18-May"
Prod010,Cus014,Mark003,17-05-18,4,5306,INR,17-5-18,01-05-18,2018,May,"18-May"
Prod010,Cus003,Mark003,18-05-18,1,1801,INR,18-5-18,01-05-18,2018,May,"18-May"
Prod010,Cus003,Mark003,23-05-18,2,2699,INR,23-5-18,01-05-18,2018,May,"18-May"
Prod010,Cus012,Mark003,24-05-18,1,1616,INR,24-5-18,01-05-18,2018,May,"18-May"
Prod010,Cus003,Mark003,25-05-18,2,2245,INR,25-5-18,01-05-18,2018,May,"18-May"
Prod010,Cus015,Mark006,26-05-18,1,0,INR,26-5-18,01-05-18,2018,May,"18-May"
Prod010,Cus003,Mark003,28-05-18,1,903,INR,28-5-18,01-05-18,2018,May,"18-May"
Prod010,Cus014,Mark003,29-05-18,4,5306,INR,29-5-18,01-05-18,2018,May,"18-May"
Prod010,Cus010,Mark003,30-05-18,3,3778,INR,30-5-18,01-05-18,2018,May,"18-May"
Prod010,Cus012,Mark003,31-05-18,1,537,INR,31-5-18,01-05-18,2018,May,"18-May"
Prod010,Cus010,Mark003,31-05-18,1,1417,INR,31-5-18,01-05-18,2018,May,"18-May"
Prod010,Cus014,Mark003,31-05-18,4,5306,INR,31-5-18,01-05-18,2018,May,"18-May"
Prod010,Cus010,Mark003,01-06-18,1,472,INR,1-6-18,01-06-18,2018,June,"18-Jun"
Prod010,Cus003,Mark003,01-06-18,3,4051,INR,1-6-18,01-06-18,2018,June,"18-Jun"
Prod010,Cus013,Mark003,01-06-18,10,14815,INR,1-6-18,01-06-18,2018,June,"18-Jun"
Prod010,Cus003,Mark003,06-06-18,3,4495,INR,6-6-18,01-06-18,2018,June,"18-Jun"
Prod010,Cus012,Mark003,07-06-18,2,2690,INR,7-6-18,01-06-18,2018,June,"18-Jun"
Prod010,Cus010,Mark003,07-06-18,1,1417,INR,7-6-18,01-06-18,2018,June,"18-Jun"
Prod010,Cus003,Mark003,08-06-18,1,449,INR,8-6-18,01-06-18,2018,June,"18-Jun"
Prod010,Cus014,Mark003,08-06-18,18,23866,INR,8-6-18,01-06-18,2018,June,"18-Jun"
Prod010,Cus003,Mark003,11-06-18,1,898,INR,11-6-18,01-06-18,2018,June,"18-Jun"
Prod010,Cus013,Mark003,11-06-18,3,4940,INR,11-6-18,01-06-18,2018,June,"18-Jun"
Prod010,Cus003,Mark003,13-06-18,1,449,INR,13-6-18,01-06-18,2018,June,"18-Jun"
Prod010,Cus012,Mark003,14-06-18,1,2153,INR,14-6-18,01-06-18,2018,June,"18-Jun"
Prod010,Cus010,Mark003,14-06-18,1,472,INR,14-6-18,01-06-18,2018,June,"18-Jun"
Prod010,Cus003,Mark003,14-06-18,1,449,INR,14-6-18,01-06-18,2018,June,"18-Jun"
Prod010,Cus014,Mark003,14-06-18,4,5306,INR,14-6-18,01-06-18,2018,June,"18-Jun"
Prod010,Cus003,Mark003,15-06-18,3,3602,INR,15-6-18,01-06-18,2018,June,"18-Jun"
Prod010,Cus011,Mark003,18-06-18,4,3583,INR,18-6-18,01-06-18,2018,June,"18-Jun"
Prod010,Cus003,Mark003,18-06-18,4,4954,INR,18-6-18,01-06-18,2018,June,"18-Jun"
Prod010,Cus010,Mark003,21-06-18,1,1889,INR,21-6-18,01-06-18,2018,June,"18-Jun"
Prod010,Cus010,Mark003,18-07-18,1,472,INR,18-7-18,01-07-18,2018,July,"18-Jul"
Prod010,Cus003,Mark003,18-07-18,1,1352,INR,18-7-18,01-07-18,2018,July,"18-Jul"
Prod010,Cus012,Mark003,19-07-18,1,1616,INR,19-7-18,01-07-18,2018,July,"18-Jul"
Prod010,Cus003,Mark003,19-07-18,1,449,INR,19-7-18,01-07-18,2018,July,"18-Jul"
Prod010,Cus003,Mark003,23-07-18,1,1801,INR,23-7-18,01-07-18,2018,July,"18-Jul"
Prod010,Cus003,Mark003,30-07-18,1,1801,INR,30-7-18,01-07-18,2018,July,"18-Jul"
Prod010,Cus003,Mark003,25-01-19,1,449,INR,25-1-19,01-01-19,2019,January,"19-Jan"
Prod010,Cus003,Mark003,04-02-19,1,449,INR,4-2-19,01-02-19,2019,February,"19-Feb"
Prod010,Cus003,Mark003,20-02-19,1,449,INR,20-2-19,01-02-19,2019,February,"19-Feb"
Prod010,Cus003,Mark003,13-03-19,1,444,INR,13-3-19,01-03-19,2019,March,"19-Mar"
Prod010,Cus003,Mark003,28-03-19,1,444,INR,28-3-19,01-03-19,2019,March,"19-Mar"
Prod010,Cus003,Mark003,30-04-19,1,0,INR,30-4-19,01-04-19,2019,April,"19-Apr"
Prod011,Cus016,Mark002,06-10-17,1,505,INR,6-10-17,01-10-17,2017,October,"17-Oct"
Prod011,Cus016,Mark002,13-10-17,1,1514,INR,13-10-17,01-10-17,2017,October,"17-Oct"
Prod011,Cus016,Mark002,20-10-17,1,2023,INR,20-10-17,01-10-17,2017,October,"17-Oct"
Prod011,Cus016,Mark002,27-10-17,25,37889,INR,27-10-17,01-10-17,2017,October,"17-Oct"
Prod011,Cus016,Mark002,08-02-18,1,593,INR,8-2-18,01-02-18,2018,February,"18-Feb"
Prod011,Cus007,Mark004,16-02-18,1,597,INR,16-2-18,01-02-18,2018,February,"18-Feb"
Prod011,Cus007,Mark004,26-02-18,1,2389,INR,26-2-18,01-02-18,2018,February,"18-Feb"
Prod011,Cus016,Mark002,01-03-18,1,593,INR,1-3-18,01-03-18,2018,March,"18-Mar"
Prod011,Cus007,Mark004,02-03-18,1,1194,INR,2-3-18,01-03-18,2018,March,"18-Mar"
Prod011,Cus007,Mark004,05-03-18,8,13736,INR,5-3-18,01-03-18,2018,March,"18-Mar"
Prod011,Cus007,Mark004,12-03-18,1,1194,INR,12-3-18,01-03-18,2018,March,"18-Mar"
Prod011,Cus007,Mark004,03-04-18,1,597,INR,3-4-18,01-04-18,2018,April,"18-Apr"
Prod011,Cus007,Mark004,09-04-18,1,597,INR,9-4-18,01-04-18,2018,April,"18-Apr"
Prod011,Cus007,Mark004,13-04-18,1,597,INR,13-4-18,01-04-18,2018,April,"18-Apr"
Prod011,Cus017,Mark007,24-04-18,17,17472,INR,24-4-18,01-04-18,2018,April,"18-Apr"
Prod011,Cus007,Mark004,26-04-18,2,2986,INR,26-4-18,01-04-18,2018,April,"18-Apr"
Prod011,Cus007,Mark004,27-04-18,2,2986,INR,27-4-18,01-04-18,2018,April,"18-Apr"
Prod011,Cus007,Mark004,07-05-18,1,597,INR,7-5-18,01-05-18,2018,May,"18-May"
Prod011,Cus007,Mark004,14-05-18,1,1194,INR,14-5-18,01-05-18,2018,May,"18-May"
Prod011,Cus007,Mark004,18-05-18,1,796,INR,18-5-18,01-05-18,2018,May,"18-May"
Prod011,Cus017,Mark007,31-05-18,26,26722,INR,31-5-18,01-05-18,2018,May,"18-May"
Prod011,Cus007,Mark004,11-06-18,1,796,INR,11-6-18,01-06-18,2018,June,"18-Jun"
Prod011,Cus007,Mark004,13-06-18,1,796,INR,13-6-18,01-06-18,2018,June,"18-Jun"
Prod011,Cus007,Mark004,14-06-18,1,3185,INR,14-6-18,01-06-18,2018,June,"18-Jun"
Prod011,Cus007,Mark004,18-06-18,1,796,INR,18-6-18,01-06-18,2018,June,"18-Jun"
Prod011,Cus007,Mark004,22-06-18,1,2389,INR,22-6-18,01-06-18,2018,June,"18-Jun"
Prod011,Cus007,Mark004,29-06-18,1,3185,INR,29-6-18,01-06-18,2018,June,"18-Jun"
Prod011,Cus007,Mark004,09-07-18,2,5574,INR,9-7-18,01-07-18,2018,July,"18-Jul"
Prod011,Cus007,Mark004,13-07-18,1,796,INR,13-7-18,01-07-18,2018,July,"18-Jul"
Prod011,Cus007,Mark004,20-07-18,1,796,INR,20-7-18,01-07-18,2018,July,"18-Jul"
Prod011,Cus007,Mark004,27-07-18,1,796,INR,27-7-18,01-07-18,2018,July,"18-Jul"
Prod011,Cus007,Mark004,03-08-18,1,1593,INR,3-8-18,01-08-18,2018,August,"18-Aug"
Prod011,Cus016,Mark002,12-10-18,1,514,INR,12-10-18,01-10-18,2018,October,"18-Oct"
Prod011,Cus007,Mark004,17-10-18,1,4759,INR,17-10-18,01-10-18,2018,October,"18-Oct"
Prod011,Cus007,Mark004,25-10-18,1,1190,INR,25-10-18,01-10-18,2018,October,"18-Oct"
Prod011,Cus007,Mark004,26-10-18,1,1190,INR,26-10-18,01-10-18,2018,October,"18-Oct"
Prod011,Cus016,Mark002,31-10-18,3,4106,INR,31-10-18,01-10-18,2018,October,"18-Oct"
Prod011,Cus007,Mark004,05-11-18,2,5949,INR,5-11-18,01-11-18,2018,November,"18-Nov"
Prod011,Cus007,Mark004,06-11-18,2,5949,INR,6-11-18,01-11-18,2018,November,"18-Nov"
Prod011,Cus016,Mark002,07-12-18,1,514,INR,7-12-18,01-12-18,2018,December,"18-Dec"
Prod011,Cus016,Mark002,14-12-18,1,514,INR,14-12-18,01-12-18,2018,December,"18-Dec"
Prod011,Cus016,Mark002,21-12-18,1,514,INR,21-12-18,01-12-18,2018,December,"18-Dec"
Prod011,Cus018,Mark002,28-12-18,1,0,INR,28-12-18,01-12-18,2018,December,"18-Dec"
Prod011,Cus016,Mark002,28-01-19,1,514,INR,28-1-19,01-01-19,2019,January,"19-Jan"
Prod011,Cus016,Mark002,01-02-19,1,514,INR,1-2-19,01-02-19,2019,February,"19-Feb"
Prod011,Cus016,Mark002,08-02-19,1,1028,INR,8-2-19,01-02-19,2019,February,"19-Feb"
Prod011,Cus016,Mark002,15-02-19,1,2056,INR,15-2-19,01-02-19,2019,February,"19-Feb"
Prod011,Cus007,Mark004,22-02-19,1,796,INR,22-2-19,01-02-19,2019,February,"19-Feb"
Prod011,Cus016,Mark002,22-02-19,1,1542,INR,22-2-19,01-02-19,2019,February,"19-Feb"
Prod011,Cus016,Mark002,01-03-19,1,514,INR,1-3-19,01-03-19,2019,March,"19-Mar"
Prod011,Cus016,Mark002,08-03-19,1,1028,INR,8-3-19,01-03-19,2019,March,"19-Mar"
Prod011,Cus007,Mark004,12-04-19,1,796,INR,12-4-19,01-04-19,2019,April,"19-Apr"
Prod011,Cus007,Mark004,03-06-19,1,796,INR,3-6-19,01-06-19,2019,June,"19-Jun"
Prod011,Cus007,Mark004,17-06-19,1,1593,INR,17-6-19,01-06-19,2019,June,"19-Jun"
Prod011,Cus007,Mark004,24-06-19,1,796,INR,24-6-19,01-06-19,2019,June,"19-Jun"
Prod011,Cus011,Mark003,15-07-19,1,611,INR,15-7-19,01-07-19,2019,July,"19-Jul"
Prod011,Cus016,Mark002,16-08-19,1,1028,INR,16-8-19,01-08-19,2019,August,"19-Aug"
Prod011,Cus016,Mark002,27-09-19,1,514,INR,27-9-19,01-09-19,2019,September,"19-Sep"
Prod011,Cus016,Mark002,04-10-19,1,514,INR,4-10-19,01-10-19,2019,October,"19-Oct"
Prod011,Cus016,Mark002,18-10-19,1,514,INR,18-10-19,01-10-19,2019,October,"19-Oct"
Prod011,Cus007,Mark004,21-10-19,1,796,INR,21-10-19,01-10-19,2019,October,"19-Oct"
Prod011,Cus007,Mark004,25-10-19,1,796,INR,25-10-19,01-10-19,2019,October,"19-Oct"
Prod011,Cus016,Mark002,01-11-19,1,514,INR,1-11-19,01-11-19,2019,November,"19-Nov"
Prod011,Cus007,Mark004,04-11-19,1,796,INR,4-11-19,01-11-19,2019,November,"19-Nov"
Prod011,Cus007,Mark004,08-11-19,1,1593,INR,8-11-19,01-11-19,2019,November,"19-Nov"
Prod011,Cus016,Mark002,08-11-19,1,514,INR,8-11-19,01-11-19,2019,November,"19-Nov"
Prod011,Cus007,Mark004,15-11-19,1,3185,INR,15-11-19,01-11-19,2019,November,"19-Nov"
Prod011,Cus016,Mark002,15-11-19,1,514,INR,15-11-19,01-11-19,2019,November,"19-Nov"
Prod011,Cus016,Mark002,18-11-19,1,514,INR,18-11-19,01-11-19,2019,November,"19-Nov"
Prod011,Cus007,Mark004,06-12-19,2,4778,INR,6-12-19,01-12-19,2019,December,"19-Dec"
Prod011,Cus016,Mark002,06-12-19,1,514,INR,6-12-19,01-12-19,2019,December,"19-Dec"
Prod011,Cus007,Mark004,13-12-19,4,10352,INR,13-12-19,01-12-19,2019,December,"19-Dec"
Prod011,Cus007,Mark004,20-12-19,1,796,INR,20-12-19,01-12-19,2019,December,"19-Dec"
Prod011,Cus016,Mark002,12-06-20,1,1028,INR,12-6-20,01-06-20,2020,June,"20-Jun"
Prod011,Cus016,Mark002,16-06-20,1,514,INR,16-6-20,01-06-20,2020,June,"20-Jun"
Prod012,Cus019,Mark002,05-06-18,33,29648,INR,5-6-18,01-06-18,2018,June,"18-Jun"
Prod013,Cus001,Mark001,10-10-17,240,143560,INR,10-10-17,01-10-17,2017,October,"17-Oct"
Prod013,Cus005,Mark004,11-10-17,7,6204,INR,11-10-17,01-10-17,2017,October,"17-Oct"
Prod013,Cus007,Mark004,16-10-17,1,495,INR,16-10-17,01-10-17,2017,October,"17-Oct"
Prod013,Cus006,Mark004,23-10-17,20,25130,INR,23-10-17,01-10-17,2017,October,"17-Oct"
Prod013,Cus007,Mark004,25-10-17,1,986,INR,25-10-17,01-10-17,2017,October,"17-Oct"
Prod013,Cus020,Mark004,02-11-17,13,23898,INR,2-11-17,01-11-17,2017,November,"17-Nov"
Prod013,Cus005,Mark004,03-11-17,1,296,INR,3-11-17,01-11-17,2017,November,"17-Nov"
Prod013,Cus006,Mark004,08-11-17,1,356,INR,8-11-17,01-11-17,2017,November,"17-Nov"
Prod001,Cus001,Mark001,10-10-17,100,41241,"INR",10-10-17,01-10-17,2017,October,"17-Oct"
Prod001,Cus002,Mark002,08-05-18,3,-1,"INR",8-5-18,01-05-18,2018,May,"18-May"
Prod002,Cus003,Mark003,06-04-18,1,875,"INR",6-4-18,01-04-18,2018,April,"18-Apr"
Prod002,Cus003,Mark003,11-04-18,1,583,"INR",11-4-18,01-04-18,2018,April,"18-Apr"
Prod002,Cus004,Mark003,18-06-18,6,7176,"INR",18-6-18,01-06-18,2018,June,"18-Jun"
Prod003,Cus005,Mark004,20-11-17,59,500,"USD",20-11-17,01-11-17,2017,November,"17-Nov"
Prod003,Cus005,Mark004,22-11-17,36,250,"USD",22-11-17,01-11-17,2017,November,"17-Nov"
Prod003,Cus005,Mark004,23-11-17,39,21412,"INR",23-11-17,01-11-17,2017,November,"17-Nov"
Prod003,Cus005,Mark004,27-11-17,35,19213,"INR",27-11-17,01-11-17,2017,November,"17-Nov"
Prod003,Cus005,Mark004,28-11-17,310,170185,"INR",28-11-17,01-11-17,2017,November,"17-Nov"
Prod003,Cus005,Mark004,29-11-17,184,101194,"INR",29-11-17,01-11-17,2017,November,"17-Nov"
Prod003,Cus005,Mark004,30-11-17,35,19213,"INR",30-11-17,01-11-17,2017,November,"17-Nov"
Prod004,Cus005,Mark004,29-11-17,17,9426,"INR",29-11-17,01-11-17,2017,November,"17-Nov"
Prod004,Cus005,Mark004,19-12-17,1,218,"INR",19-12-17,01-12-17,2017,December,"17-Dec"
Prod005,Cus005,Mark004,07-08-18,5,3093,"INR",7-8-18,01-08-18,2018,August,"18-Aug"
Prod003,Cus006,Mark004,04-12-17,58,30306,"INR",4-12-17,01-12-17,2017,December,"17-Dec"
Prod005,Cus006,Mark004,29-06-18,38,52319,"INR",29-6-18,01-06-18,2018,June,"18-Jun"
Prod005,Cus006,Mark004,02-07-18,93,126296,"INR",2-7-18,01-07-18,2018,July,"18-Jul"
Prod005,Cus006,Mark004,03-07-18,79,107500,"INR",3-7-18,01-07-18,2018,July,"18-Jul"
Prod005,Cus006,Mark004,04-07-18,1,273,"INR",4-7-18,01-07-18,2018,July,"18-Jul"
Prod005,Cus006,Mark004,06-07-18,3,3574,"INR",6-7-18,01-07-18,2018,July,"18-Jul"
Prod005,Cus006,Mark004,13-07-18,1,273,"INR",13-7-18,01-07-18,2018,July,"18-Jul"
Prod005,Cus006,Mark004,07-06-19,20,23403,"INR",7-6-19,01-06-19,2019,June,"19-Jun"
Prod005,Cus006,Mark004,29-07-19,81,76329,"INR",29-7-19,01-07-19,2019,July,"19-Jul"
Prod005,Cus006,Mark004,01-08-19,5,4542,"INR",1-8-19,01-08-19,2019,August,"19-Aug"
Prod005,Cus006,Mark004,19-09-19,18,16579,"INR",19-9-19,01-09-19,2019,September,"19-Sep"
Prod005,Cus006,Mark004,27-09-19,90,105301,"INR",27-9-19,01-09-19,2019,September,"19-Sep"
Prod004,Cus007,Mark004,09-10-17,1,185,"INR",9-10-17,01-10-17,2017,October,"17-Oct"
Prod004,Cus007,Mark004,13-10-17,1,556,"INR",13-10-17,01-10-17,2017,October,"17-Oct"
Prod004,Cus007,Mark004,27-10-17,1,551,"INR",27-10-17,01-10-17,2017,October,"17-Oct"
Prod004,Cus007,Mark004,03-11-17,1,167,"INR",3-11-17,01-11-17,2017,November,"17-Nov"
Prod004,Cus007,Mark004,06-11-17,1,333,"INR",6-11-17,01-11-17,2017,November,"17-Nov"
Prod004,Cus007,Mark004,10-11-17,1,500,"INR",10-11-17,01-11-17,2017,November,"17-Nov"
Prod004,Cus007,Mark004,16-11-17,1,333,"INR",16-11-17,01-11-17,2017,November,"17-Nov"
Prod004,Cus007,Mark004,17-11-17,1,333,"INR",17-11-17,01-11-17,2017,November,"17-Nov"
Prod004,Cus007,Mark004,27-11-17,1,500,"INR",27-11-17,01-11-17,2017,November,"17-Nov"
Prod004,Cus007,Mark004,04-12-17,1,833,"INR",4-12-17,01-12-17,2017,December,"17-Dec"
Prod004,Cus007,Mark004,08-12-17,1,167,"INR",8-12-17,01-12-17,2017,December,"17-Dec"
Prod004,Cus007,Mark004,11-12-17,1,833,"INR",11-12-17,01-12-17,2017,December,"17-Dec"
Prod004,Cus007,Mark004,18-12-17,1,1000,"INR",18-12-17,01-12-17,2017,December,"17-Dec"
Prod004,Cus007,Mark004,27-12-17,2,1833,"INR",27-12-17,01-12-17,2017,December,"17-Dec"
Prod004,Cus007,Mark004,28-12-17,1,167,"INR",28-12-17,01-12-17,2017,December,"17-Dec"
Prod004,Cus007,Mark004,05-01-18,1,167,"INR",5-1-18,01-01-18,2018,January,"18-Jan"
Prod004,Cus007,Mark004,08-01-18,1,833,"INR",8-1-18,01-01-18,2018,January,"18-Jan"
Prod004,Cus007,Mark004,22-01-18,1,167,"INR",22-1-18,01-01-18,2018,January,"18-Jan"
Prod004,Cus007,Mark004,21-02-18,26,10657,"INR",21-2-18,01-02-18,2018,February,"18-Feb"
Prod004,Cus007,Mark004,23-02-18,1,167,"INR",23-2-18,01-02-18,2018,February,"18-Feb"
Prod005,Cus007,Mark004,03-08-18,1,157,"INR",3-8-18,01-08-18,2018,August,"18-Aug"
Prod005,Cus007,Mark004,24-08-18,1,315,"INR",24-8-18,01-08-18,2018,August,"18-Aug"
Prod005,Cus007,Mark004,21-09-18,1,630,"INR",21-9-18,01-09-18,2018,September,"18-Sep"
Prod005,Cus007,Mark004,28-09-18,1,315,"INR",28-9-18,01-09-18,2018,September,"18-Sep"
Prod005,Cus007,Mark004,09-11-18,1,157,"INR",9-11-18,01-11-18,2018,November,"18-Nov"
Prod005,Cus007,Mark004,16-11-18,1,472,"INR",16-11-18,01-11-18,2018,November,"18-Nov"
Prod005,Cus007,Mark004,07-12-18,1,157,"INR",7-12-18,01-12-18,2018,December,"18-Dec"
Prod005,Cus007,Mark004,14-12-18,1,157,"INR",14-12-18,01-12-18,2018,December,"18-Dec"
Prod005,Cus007,Mark004,25-01-19,1,315,"INR",25-1-19,01-01-19,2019,January,"19-Jan"
Prod005,Cus007,Mark004,01-02-19,1,157,"INR",1-2-19,01-02-19,2019,February,"19-Feb"
Prod005,Cus007,Mark004,08-02-19,1,472,"INR",8-2-19,01-02-19,2019,February,"19-Feb"
Prod005,Cus007,Mark004,15-02-19,1,472,"INR",15-2-19,01-02-19,2019,February,"19-Feb"
Prod005,Cus007,Mark004,22-02-19,1,315,"INR",22-2-19,01-02-19,2019,February,"19-Feb"
Prod005,Cus007,Mark004,01-03-19,1,472,"INR",1-3-19,01-03-19,2019,March,"19-Mar"
Prod005,Cus007,Mark004,08-03-19,1,315,"INR",8-3-19,01-03-19,2019,March,"19-Mar"
Prod005,Cus007,Mark004,15-03-19,1,157,"INR",15-3-19,01-03-19,2019,March,"19-Mar"
Prod005,Cus007,Mark004,22-03-19,1,315,"INR",22-3-19,01-03-19,2019,March,"19-Mar"
Prod005,Cus007,Mark004,29-03-19,1,315,"INR",29-3-19,01-03-19,2019,March,"19-Mar"
Prod005,Cus007,Mark004,05-04-19,1,315,"INR",5-4-19,01-04-19,2019,April,"19-Apr"
Prod005,Cus007,Mark004,12-04-19,1,787,"INR",12-4-19,01-04-19,2019,April,"19-Apr"
Prod005,Cus007,Mark004,23-04-19,1,630,"INR",23-4-19,01-04-19,2019,April,"19-Apr"
Prod005,Cus007,Mark004,29-04-19,1,472,"INR",29-4-19,01-04-19,2019,April,"19-Apr"
Prod005,Cus007,Mark004,06-05-19,1,315,"INR",6-5-19,01-05-19,2019,May,"19-May"
Prod005,Cus007,Mark004,10-05-19,1,787,"INR",10-5-19,01-05-19,2019,May,"19-May"
Prod005,Cus007,Mark004,17-05-19,1,1102,"INR",17-5-19,01-05-19,2019,May,"19-May"
Prod005,Cus007,Mark004,03-06-19,1,787,"INR",3-6-19,01-06-19,2019,June,"19-Jun"
Prod005,Cus007,Mark004,07-06-19,1,157,"INR",7-6-19,01-06-19,2019,June,"19-Jun"
Prod005,Cus007,Mark004,17-06-19,1,315,"INR",17-6-19,01-06-19,2019,June,"19-Jun"
Prod005,Cus007,Mark004,24-06-19,1,315,"INR",24-6-19,01-06-19,2019,June,"19-Jun"
Prod005,Cus007,Mark004,28-06-19,1,315,"INR",28-6-19,01-06-19,2019,June,"19-Jun"
Prod005,Cus007,Mark004,05-07-19,1,472,"INR",5-7-19,01-07-19,2019,July,"19-Jul"
Prod005,Cus007,Mark004,12-07-19,1,630,"INR",12-7-19,01-07-19,2019,July,"19-Jul"
Prod005,Cus007,Mark004,19-07-19,1,944,"INR",19-7-19,01-07-19,2019,July,"19-Jul"
Prod005,Cus007,Mark004,26-07-19,2,1417,"INR",26-7-19,01-07-19,2019,July,"19-Jul"
Prod005,Cus007,Mark004,02-08-19,2,1417,"INR",2-8-19,01-08-19,2019,August,"19-Aug"
Prod005,Cus007,Mark004,09-08-19,1,787,"INR",9-8-19,01-08-19,2019,August,"19-Aug"
Prod005,Cus007,Mark004,16-08-19,1,1259,"INR",16-8-19,01-08-19,2019,August,"19-Aug"
Prod005,Cus007,Mark004,02-09-19,2,1574,"INR",2-9-19,01-09-19,2019,September,"19-Sep"
Prod005,Cus007,Mark004,03-09-19,1,630,"INR",3-9-19,01-09-19,2019,September,"19-Sep"
Prod005,Cus007,Mark004,06-09-19,1,157,"INR",6-9-19,01-09-19,2019,September,"19-Sep"
Prod005,Cus007,Mark004,13-09-19,2,1417,"INR",13-9-19,01-09-19,2019,September,"19-Sep"
Prod005,Cus007,Mark004,20-09-19,1,630,"INR",20-9-19,01-09-19,2019,September,"19-Sep"
Prod005,Cus007,Mark004,23-09-19,200,66111,"INR",23-9-19,01-09-19,2019,September,"19-Sep"
Prod005,Cus007,Mark004,27-09-19,2,1884,"INR",27-9-19,01-09-19,2019,September,"19-Sep"
Prod005,Cus007,Mark004,07-10-19,1,944,"INR",7-10-19,01-10-19,2019,October,"19-Oct"
Prod005,Cus007,Mark004,28-10-19,7,2574,"INR",28-10-19,01-10-19,2019,October,"19-Oct"
Prod005,Cus007,Mark004,08-11-19,1,630,"INR",8-11-19,01-11-19,2019,November,"19-Nov"
Prod005,Cus007,Mark004,15-11-19,1,472,"INR",15-11-19,01-11-19,2019,November,"19-Nov"
Prod005,Cus007,Mark004,22-11-19,1,944,"INR",22-11-19,01-11-19,2019,November,"19-Nov"
Prod005,Cus007,Mark004,29-11-19,2,1417,"INR",29-11-19,01-11-19,2019,November,"19-Nov"
Prod005,Cus007,Mark004,06-12-19,1,1259,"INR",6-12-19,01-12-19,2019,December,"19-Dec"
Prod005,Cus007,Mark004,13-12-19,4,3773,"INR",13-12-19,01-12-19,2019,December,"19-Dec"
Prod005,Cus007,Mark004,20-12-19,1,315,"INR",20-12-19,01-12-19,2019,December,"19-Dec"
Prod005,Cus007,Mark004,09-01-20,1,630,"INR",9-1-20,01-01-20,2020,January,"20-Jan"
Prod005,Cus007,Mark004,10-01-20,1,472,"INR",10-1-20,01-01-20,2020,January,"20-Jan"
Prod005,Cus007,Mark004,17-01-20,2,2042,"INR",17-1-20,01-01-20,2020,January,"20-Jan"
Prod005,Cus007,Mark004,07-02-20,1,417,"INR",7-2-20,01-02-20,2020,February,"20-Feb"
Prod005,Cus007,Mark004,14-02-20,1,310,"INR",14-2-20,01-02-20,2020,February,"20-Feb"
Prod005,Cus007,Mark004,28-02-20,1,208,"INR",28-2-20,01-02-20,2020,February,"20-Feb"
Prod005,Cus007,Mark004,06-03-20,1,620,"INR",6-3-20,01-03-20,2020,March,"20-Mar"
Prod005,Cus007,Mark004,13-03-20,1,620,"INR",13-3-20,01-03-20,2020,March,"20-Mar"
Prod005,Cus007,Mark004,03-04-20,1,829,"INR",3-4-20,01-04-20,2020,April,"20-Apr"
Prod005,Cus007,Mark004,14-04-20,4,2694,"INR",14-4-20,01-04-20,2020,April,"20-Apr"
Prod005,Cus007,Mark004,20-04-20,1,102,"INR",20-4-20,01-04-20,2020,April,"20-Apr"
Prod005,Cus007,Mark004,15-05-20,2,528,"INR",15-5-20,01-05-20,2020,May,"20-May"
Prod006,Cus005,Mark004,24-10-17,1,380,"INR",24-10-17,01-10-17,2017,October,"17-Oct"
Prod006,Cus007,Mark004,25-10-17,1,560,"INR",25-10-17,01-10-17,2017,October,"17-Oct"
Prod006,Cus007,Mark004,30-10-17,1,560,"INR",30-10-17,01-10-17,2017,October,"17-Oct"
Prod006,Cus007,Mark004,27-11-17,1,1116,"INR",27-11-17,01-11-17,2017,November,"17-Nov"
Prod006,Cus008,Mark005,11-12-17,1,657,"INR",11-12-17,01-12-17,2017,December,"17-Dec"
Prod006,Cus007,Mark004,12-12-17,1,560,"INR",12-12-17,01-12-17,2017,December,"17-Dec"
Prod006,Cus008,Mark005,19-12-17,1,657,"INR",19-12-17,01-12-17,2017,December,"17-Dec"
Prod006,Cus007,Mark004,12-02-18,1,560,"INR",12-2-18,01-02-18,2018,February,"18-Feb"
Prod007,Cus007,Mark004,19-10-18,11,6218,"INR",19-10-18,01-10-18,2018,October,"18-Oct"
Prod008,Cus007,Mark004,20-11-17,7,2426,"INR",20-11-17,01-11-17,2017,November,"17-Nov"
Prod008,Cus007,Mark004,24-11-17,33,15278,"INR",24-11-17,01-11-17,2017,November,"17-Nov"
Prod009,Cus009,Mark002,14-11-18,3,3032,"INR",14-11-18,01-11-18,2018,November,"18-Nov"
Prod009,Cus010,Mark003,22-05-19,2,3194,"INR",22-5-19,01-05-19,2019,May,"19-May"
Prod009,Cus010,Mark003,23-05-19,1,912,"INR",23-5-19,01-05-19,2019,May,"19-May"
Prod009,Cus010,Mark003,28-05-19,1,1824,"INR",28-5-19,01-05-19,2019,May,"19-May"
Prod009,Cus010,Mark003,29-05-19,1,458,"INR",29-5-19,01-05-19,2019,May,"19-May"
Prod009,Cus003,Mark003,31-05-19,3,4444,"INR",31-5-19,01-05-19,2019,May,"19-May"
Prod009,Cus010,Mark003,03-06-19,1,458,"INR",3-6-19,01-06-19,2019,June,"19-Jun"
Prod009,Cus010,Mark003,04-06-19,1,458,"INR",4-6-19,01-06-19,2019,June,"19-Jun"
Prod009,Cus010,Mark003,05-06-19,1,1824,"INR",5-6-19,01-06-19,2019,June,"19-Jun"
Prod009,Cus003,Mark003,05-06-19,2,2667,"INR",5-6-19,01-06-19,2019,June,"19-Jun"
Prod009,Cus010,Mark003,06-06-19,14,19171,"INR",6-6-19,01-06-19,2019,June,"19-Jun"
Prod009,Cus010,Mark003,07-06-19,1,458,"INR",7-6-19,01-06-19,2019,June,"19-Jun"
Prod009,Cus010,Mark003,11-06-19,1,458,"INR",11-6-19,01-06-19,2019,June,"19-Jun"
Prod009,Cus010,Mark003,12-06-19,1,458,"INR",12-6-19,01-06-19,2019,June,"19-Jun"
Prod009,Cus010,Mark003,14-06-19,1,1370,"INR",14-6-19,01-06-19,2019,June,"19-Jun"
Prod009,Cus003,Mark003,14-06-19,2,2667,"INR",14-6-19,01-06-19,2019,June,"19-Jun"
Prod009,Cus003,Mark003,17-06-19,1,1333,"INR",17-6-19,01-06-19,2019,June,"19-Jun"
Prod009,Cus011,Mark003,18-06-19,1,597,"INR",18-6-19,01-06-19,2019,June,"19-Jun"
Prod009,Cus003,Mark003,18-06-19,7,8889,"INR",18-6-19,01-06-19,2019,June,"19-Jun"
Prod009,Cus003,Mark003,19-06-19,1,1778,"INR",19-6-19,01-06-19,2019,June,"19-Jun"
Prod009,Cus010,Mark003,28-06-19,7,9130,"INR",28-6-19,01-06-19,2019,June,"19-Jun"
Prod010,Cus011,Mark003,23-04-18,1,602,"INR",23-4-18,01-04-18,2018,April,"18-Apr"
Prod010,Cus012,Mark003,03-05-18,2,3227,"INR",3-5-18,01-05-18,2018,May,"18-May"
Prod010,Cus003,Mark003,04-05-18,1,449,"INR",4-5-18,01-05-18,2018,May,"18-May"
Prod010,Cus003,Mark003,07-05-18,1,449,"INR",7-5-18,01-05-18,2018,May,"18-May"
Prod010,Cus003,Mark003,09-05-18,1,449,"INR",9-5-18,01-05-18,2018,May,"18-May"
Prod010,Cus003,Mark003,11-05-18,1,449,"INR",11-5-18,01-05-18,2018,May,"18-May"
Prod010,Cus013,Mark003,11-05-18,7,9880,"INR",11-5-18,01-05-18,2018,May,"18-May"
Prod010,Cus011,Mark003,16-05-18,1,301,"INR",16-5-18,01-05-18,2018,May,"18-May"
Prod010,Cus014,Mark003,16-05-18,6,7954,"INR",16-5-18,01-05-18,2018,May,"18-May"
Prod010,Cus012,Mark003,17-05-18,1,2153,"INR",17-5-18,01-05-18,2018,May,"18-May"
Prod010,Cus014,Mark003,17-05-18,4,5306,"INR",17-5-18,01-05-18,2018,May,"18-May"
Prod010,Cus003,Mark003,18-05-18,1,1801,"INR",18-5-18,01-05-18,2018,May,"18-May"
Prod010,Cus003,Mark003,23-05-18,2,2699,"INR",23-5-18,01-05-18,2018,May,"18-May"
Prod010,Cus012,Mark003,24-05-18,1,1616,"INR",24-5-18,01-05-18,2018,May,"18-May"
Prod010,Cus003,Mark003,25-05-18,2,2245,"INR",25-5-18,01-05-18,2018,May,"18-May"
Prod010,Cus015,Mark006,26-05-18,1,0,"INR",26-5-18,01-05-18,2018,May,"18-May"
Prod010,Cus003,Mark003,28-05-18,1,903,"INR",28-5-18,01-05-18,2018,May,"18-May"
Prod010,Cus014,Mark003,29-05-18,4,5306,"INR",29-5-18,01-05-18,2018,May,"18-May"
Prod010,Cus010,Mark003,30-05-18,3,3778,"INR",30-5-18,01-05-18,2018,May,"18-May"
Prod010,Cus012,Mark003,31-05-18,1,537,"INR",31-5-18,01-05-18,2018,May,"18-May"
Prod010,Cus010,Mark003,31-05-18,1,1417,"INR",31-5-18,01-05-18,2018,May,"18-May"
Prod010,Cus014,Mark003,31-05-18,4,5306,"INR",31-5-18,01-05-18,2018,May,"18-May"
Prod010,Cus010,Mark003,01-06-18,1,472,"INR",1-6-18,01-06-18,2018,June,"18-Jun"
Prod010,Cus003,Mark003,01-06-18,3,4051,"INR",1-6-18,01-06-18,2018,June,"18-Jun"
Prod010,Cus013,Mark003,01-06-18,10,14815,"INR",1-6-18,01-06-18,2018,June,"18-Jun"
Prod010,Cus003,Mark003,06-06-18,3,4495,"INR",6-6-18,01-06-18,2018,June,"18-Jun"
Prod010,Cus012,Mark003,07-06-18,2,2690,"INR",7-6-18,01-06-18,2018,June,"18-Jun"
Prod010,Cus010,Mark003,07-06-18,1,1417,"INR",7-6-18,01-06-18,2018,June,"18-Jun"
Prod010,Cus003,Mark003,08-06-18,1,449,"INR",8-6-18,01-06-18,2018,June,"18-Jun"
Prod010,Cus014,Mark003,08-06-18,18,23866,"INR",8-6-18,01-06-18,2018,June,"18-Jun"
Prod010,Cus003,Mark003,11-06-18,1,898,"INR",11-6-18,01-06-18,2018,June,"18-Jun"
Prod010,Cus013,Mark003,11-06-18,3,4940,"INR",11-6-18,01-06-18,2018,June,"18-Jun"
Prod010,Cus003,Mark003,13-06-18,1,449,"INR",13-6-18,01-06-18,2018,June,"18-Jun"
Prod010,Cus012,Mark003,14-06-18,1,2153,"INR",14-6-18,01-06-18,2018,June,"18-Jun"
Prod010,Cus010,Mark003,14-06-18,1,472,"INR",14-6-18,01-06-18,2018,June,"18-Jun"
Prod010,Cus003,Mark003,14-06-18,1,449,"INR",14-6-18,01-06-18,2018,June,"18-Jun"
Prod010,Cus014,Mark003,14-06-18,4,5306,"INR",14-6-18,01-06-18,2018,June,"18-Jun"
Prod010,Cus003,Mark003,15-06-18,3,3602,"INR",15-6-18,01-06-18,2018,June,"18-Jun"
Prod010,Cus011,Mark003,18-06-18,4,3583,"INR",18-6-18,01-06-18,2018,June,"18-Jun"
Prod010,Cus003,Mark003,18-06-18,4,4954,"INR",18-6-18,01-06-18,2018,June,"18-Jun"
Prod010,Cus010,Mark003,21-06-18,1,1889,"INR",21-6-18,01-06-18,2018,June,"18-Jun"
Prod010,Cus010,Mark003,18-07-18,1,472,"INR",18-7-18,01-07-18,2018,July,"18-Jul"
Prod010,Cus003,Mark003,18-07-18,1,1352,"INR",18-7-18,01-07-18,2018,July,"18-Jul"
Prod010,Cus012,Mark003,19-07-18,1,1616,"INR",19-7-18,01-07-18,2018,July,"18-Jul"
Prod010,Cus003,Mark003,19-07-18,1,449,"INR",19-7-18,01-07-18,2018,July,"18-Jul"
Prod010,Cus003,Mark003,23-07-18,1,1801,"INR",23-7-18,01-07-18,2018,July,"18-Jul"
Prod010,Cus003,Mark003,30-07-18,1,1801,"INR",30-7-18,01-07-18,2018,July,"18-Jul"
Prod010,Cus003,Mark003,25-01-19,1,449,"INR",25-1-19,01-01-19,2019,January,"19-Jan"
Prod010,Cus003,Mark003,04-02-19,1,449,"INR",4-2-19,01-02-19,2019,February,"19-Feb"
Prod010,Cus003,Mark003,20-02-19,1,449,"INR",20-2-19,01-02-19,2019,February,"19-Feb"
Prod010,Cus003,Mark003,13-03-19,1,444,"INR",13-3-19,01-03-19,2019,March,"19-Mar"
Prod010,Cus003,Mark003,28-03-19,1,444,"INR",28-3-19,01-03-19,2019,March,"19-Mar"
Prod010,Cus003,Mark003,30-04-19,1,0,"INR",30-4-19,01-04-19,2019,April,"19-Apr"
Prod011,Cus016,Mark002,06-10-17,1,505,"INR",6-10-17,01-10-17,2017,October,"17-Oct"
Prod011,Cus016,Mark002,13-10-17,1,1514,"INR",13-10-17,01-10-17,2017,October,"17-Oct"
Prod011,Cus016,Mark002,20-10-17,1,2023,"INR",20-10-17,01-10-17,2017,October,"17-Oct"
Prod011,Cus016,Mark002,27-10-17,25,37889,"INR",27-10-17,01-10-17,2017,October,"17-Oct"
Prod011,Cus016,Mark002,08-02-18,1,593,"INR",8-2-18,01-02-18,2018,February,"18-Feb"
Prod011,Cus007,Mark004,16-02-18,1,597,"INR",16-2-18,01-02-18,2018,February,"18-Feb"
Prod011,Cus007,Mark004,26-02-18,1,2389,"INR",26-2-18,01-02-18,2018,February,"18-Feb"
Prod011,Cus016,Mark002,01-03-18,1,593,"INR",1-3-18,01-03-18,2018,March,"18-Mar"
Prod011,Cus007,Mark004,02-03-18,1,1194,"INR",2-3-18,01-03-18,2018,March,"18-Mar"
Prod011,Cus007,Mark004,05-03-18,8,13736,"INR",5-3-18,01-03-18,2018,March,"18-Mar"
Prod011,Cus007,Mark004,12-03-18,1,1194,"INR",12-3-18,01-03-18,2018,March,"18-Mar"
Prod011,Cus007,Mark004,03-04-18,1,597,"INR",3-4-18,01-04-18,2018,April,"18-Apr"
Prod011,Cus007,Mark004,09-04-18,1,597,"INR",9-4-18,01-04-18,2018,April,"18-Apr"
Prod011,Cus007,Mark004,13-04-18,1,597,"INR",13-4-18,01-04-18,2018,April,"18-Apr"
Prod011,Cus017,Mark007,24-04-18,17,17472,"INR",24-4-18,01-04-18,2018,April,"18-Apr"
Prod011,Cus007,Mark004,26-04-18,2,2986,"INR",26-4-18,01-04-18,2018,April,"18-Apr"
Prod011,Cus007,Mark004,27-04-18,2,2986,"INR",27-4-18,01-04-18,2018,April,"18-Apr"
Prod011,Cus007,Mark004,07-05-18,1,597,"INR",7-5-18,01-05-18,2018,May,"18-May"
Prod011,Cus007,Mark004,14-05-18,1,1194,"INR",14-5-18,01-05-18,2018,May,"18-May"
Prod011,Cus007,Mark004,18-05-18,1,796,"INR",18-5-18,01-05-18,2018,May,"18-May"
Prod011,Cus017,Mark007,31-05-18,26,26722,"INR",31-5-18,01-05-18,2018,May,"18-May"
Prod011,Cus007,Mark004,11-06-18,1,796,"INR",11-6-18,01-06-18,2018,June,"18-Jun"
Prod011,Cus007,Mark004,13-06-18,1,796,"INR",13-6-18,01-06-18,2018,June,"18-Jun"
Prod011,Cus007,Mark004,14-06-18,1,3185,"INR",14-6-18,01-06-18,2018,June,"18-Jun"
Prod011,Cus007,Mark004,18-06-18,1,796,"INR",18-6-18,01-06-18,2018,June,"18-Jun"
Prod011,Cus007,Mark004,22-06-18,1,2389,"INR",22-6-18,01-06-18,2018,June,"18-Jun"
Prod011,Cus007,Mark004,29-06-18,1,3185,"INR",29-6-18,01-06-18,2018,June,"18-Jun"
Prod011,Cus007,Mark004,09-07-18,2,5574,"INR",9-7-18,01-07-18,2018,July,"18-Jul"
Prod011,Cus007,Mark004,13-07-18,1,796,"INR",13-7-18,01-07-18,2018,July,"18-Jul"
Prod011,Cus007,Mark004,20-07-18,1,796,"INR",20-7-18,01-07-18,2018,July,"18-Jul"
Prod011,Cus007,Mark004,27-07-18,1,796,"INR",27-7-18,01-07-18,2018,July,"18-Jul"
Prod011,Cus007,Mark004,03-08-18,1,1593,"INR",3-8-18,01-08-18,2018,August,"18-Aug"
Prod011,Cus016,Mark002,12-10-18,1,514,"INR",12-10-18,01-10-18,2018,October,"18-Oct"
Prod011,Cus007,Mark004,17-10-18,1,4759,"INR",17-10-18,01-10-18,2018,October,"18-Oct"
Prod011,Cus007,Mark004,25-10-18,1,1190,"INR",25-10-18,01-10-18,2018,October,"18-Oct"
Prod011,Cus007,Mark004,26-10-18,1,1190,"INR",26-10-18,01-10-18,2018,October,"18-Oct"
Prod011,Cus016,Mark002,31-10-18,3,4106,"INR",31-10-18,01-10-18,2018,October,"18-Oct"
Prod011,Cus007,Mark004,05-11-18,2,5949,"INR",5-11-18,01-11-18,2018,November,"18-Nov"
Prod011,Cus007,Mark004,06-11-18,2,5949,"INR",6-11-18,01-11-18,2018,November,"18-Nov"
Prod011,Cus016,Mark002,07-12-18,1,514,"INR",7-12-18,01-12-18,2018,December,"18-Dec"
Prod011,Cus016,Mark002,14-12-18,1,514,"INR",14-12-18,01-12-18,2018,December,"18-Dec"
Prod011,Cus016,Mark002,21-12-18,1,514,"INR",21-12-18,01-12-18,2018,December,"18-Dec"
Prod011,Cus018,Mark002,28-12-18,1,0,"INR",28-12-18,01-12-18,2018,December,"18-Dec"
Prod011,Cus016,Mark002,28-01-19,1,514,"INR",28-1-19,01-01-19,2019,January,"19-Jan"
Prod011,Cus016,Mark002,01-02-19,1,514,"INR",1-2-19,01-02-19,2019,February,"19-Feb"
Prod011,Cus016,Mark002,08-02-19,1,1028,"INR",8-2-19,01-02-19,2019,February,"19-Feb"
Prod011,Cus016,Mark002,15-02-19,1,2056,"INR",15-2-19,01-02-19,2019,February,"19-Feb"
Prod011,Cus007,Mark004,22-02-19,1,796,"INR",22-2-19,01-02-19,2019,February,"19-Feb"
Prod011,Cus016,Mark002,22-02-19,1,1542,"INR",22-2-19,01-02-19,2019,February,"19-Feb"
Prod011,Cus016,Mark002,01-03-19,1,514,"INR",1-3-19,01-03-19,2019,March,"19-Mar"
Prod011,Cus016,Mark002,08-03-19,1,1028,"INR",8-3-19,01-03-19,2019,March,"19-Mar"
Prod011,Cus007,Mark004,12-04-19,1,796,"INR",12-4-19,01-04-19,2019,April,"19-Apr"
Prod011,Cus007,Mark004,03-06-19,1,796,"INR",3-6-19,01-06-19,2019,June,"19-Jun"
Prod011,Cus007,Mark004,17-06-19,1,1593,"INR",17-6-19,01-06-19,2019,June,"19-Jun"
Prod011,Cus007,Mark004,24-06-19,1,796,"INR",24-6-19,01-06-19,2019,June,"19-Jun"
Prod011,Cus011,Mark003,15-07-19,1,611,"INR",15-7-19,01-07-19,2019,July,"19-Jul"
Prod011,Cus016,Mark002,16-08-19,1,1028,"INR",16-8-19,01-08-19,2019,August,"19-Aug"
Prod011,Cus016,Mark002,27-09-19,1,514,"INR",27-9-19,01-09-19,2019,September,"19-Sep"
Prod011,Cus016,Mark002,04-10-19,1,514,"INR",4-10-19,01-10-19,2019,October,"19-Oct"
Prod011,Cus016,Mark002,18-10-19,1,514,"INR",18-10-19,01-10-19,2019,October,"19-Oct"
Prod011,Cus007,Mark004,21-10-19,1,796,"INR",21-10-19,01-10-19,2019,October,"19-Oct"
Prod011,Cus007,Mark004,25-10-19,1,796,"INR",25-10-19,01-10-19,2019,October,"19-Oct"
Prod011,Cus016,Mark002,01-11-19,1,514,"INR",1-11-19,01-11-19,2019,November,"19-Nov"
Prod011,Cus007,Mark004,04-11-19,1,796,"INR",4-11-19,01-11-19,2019,November,"19-Nov"
Prod011,Cus007,Mark004,08-11-19,1,1593,"INR",8-11-19,01-11-19,2019,November,"19-Nov"
Prod011,Cus016,Mark002,08-11-19,1,514,"INR",8-11-19,01-11-19,2019,November,"19-Nov"
Prod011,Cus007,Mark004,15-11-19,1,3185,"INR",15-11-19,01-11-19,2019,November,"19-Nov"
Prod011,Cus016,Mark002,15-11-19,1,514,"INR",15-11-19,01-11-19,2019,November,"19-Nov"
Prod011,Cus016,Mark002,18-11-19,1,514,"INR",18-11-19,01-11-19,2019,November,"19-Nov"
Prod011,Cus007,Mark004,06-12-19,2,4778,"INR",6-12-19,01-12-19,2019,December,"19-Dec"
Prod011,Cus016,Mark002,06-12-19,1,514,"INR",6-12-19,01-12-19,2019,December,"19-Dec"
Prod011,Cus007,Mark004,13-12-19,4,10352,"INR",13-12-19,01-12-19,2019,December,"19-Dec"
Prod011,Cus007,Mark004,20-12-19,1,796,"INR",20-12-19,01-12-19,2019,December,"19-Dec"
Prod011,Cus016,Mark002,12-06-20,1,1028,"INR",12-6-20,01-06-20,2020,June,"20-Jun"
Prod011,Cus016,Mark002,16-06-20,1,514,"INR",16-6-20,01-06-20,2020,June,"20-Jun"
Prod012,Cus019,Mark002,05-06-18,33,29648,"INR",5-6-18,01-06-18,2018,June,"18-Jun"
Prod013,Cus001,Mark001,10-10-17,240,143560,"INR",10-10-17,01-10-17,2017,October,"17-Oct"
Prod013,Cus005,Mark004,11-10-17,7,6204,"INR",11-10-17,01-10-17,2017,October,"17-Oct"
Prod013,Cus007,Mark004,16-10-17,1,495,"INR",16-10-17,01-10-17,2017,October,"17-Oct"
Prod013,Cus006,Mark004,23-10-17,20,25130,"INR",23-10-17,01-10-17,2017,October,"17-Oct"
Prod013,Cus007,Mark004,25-10-17,1,986,"INR",25-10-17,01-10-17,2017,October,"17-Oct"
Prod013,Cus020,Mark004,02-11-17,13,23898,"INR",2-11-17,01-11-17,2017,November,"17-Nov"
Prod013,Cus005,Mark004,03-11-17,1,296,"INR",3-11-17,01-11-17,2017,November,"17-Nov"
Prod013,Cus006,Mark004,08-11-17,1,356,"INR",8-11-17,01-11-17,2017,November,"17-Nov"
Prod013,Cus007,Mark004,14-11-17,1,1977,"INR",14-11-17,01-11-17,2017,November,"17-Nov"
Prod013,Cus005,Mark004,22-11-17,1,296,"INR",22-11-17,01-11-17,2017,November,"17-Nov"
Prod013,Cus006,Mark004,22-11-17,7,8375,"INR",22-11-17,01-11-17,2017,November,"17-Nov"
Prod013,Cus020,Mark004,05-12-17,4,7171,"INR",5-12-17,01-12-17,2017,December,"17-Dec"
Prod013,Cus006,Mark004,15-12-17,1,356,"INR",15-12-17,01-12-17,2017,December,"17-Dec"
Prod013,Cus006,Mark004,15-01-18,1,356,"INR",15-1-18,01-01-18,2018,January,"18-Jan"
Prod013,Cus006,Mark004,22-01-18,7,8375,"INR",22-1-18,01-01-18,2018,January,"18-Jan"
Prod013,Cus007,Mark004,06-02-18,208,77931,"INR",6-2-18,01-02-18,2018,February,"18-Feb"
Prod013,Cus007,Mark004,08-02-18,105,40704,"INR",8-2-18,01-02-18,2018,February,"18-Feb"
Prod013,Cus007,Mark004,09-02-18,125,47074,"INR",9-2-18,01-02-18,2018,February,"18-Feb"
Prod013,Cus007,Mark004,14-02-18,10,4028,"INR",14-2-18,01-02-18,2018,February,"18-Feb"
Prod013,Cus002,Mark002,24-04-18,33,30167,"INR",24-4-18,01-04-18,2018,April,"18-Apr"
Prod013,Cus007,Mark004,24-05-18,6,1968,"INR",24-5-18,01-05-18,2018,May,"18-May"
Prod014,Cus007,Mark004,20-11-17,3,1366,"INR",20-11-17,01-11-17,2017,November,"17-Nov"
Prod014,Cus007,Mark004,01-12-17,1,495,"INR",1-12-17,01-12-17,2017,December,"17-Dec"
Prod014,Cus007,Mark004,22-03-18,17,6713,"INR",22-3-18,01-03-18,2018,March,"18-Mar"
Prod015,Cus007,Mark004,18-05-18,57,27708,"INR",18-5-18,01-05-18,2018,May,"18-May"
Prod016,Cus007,Mark004,13-10-17,1,537,"INR",13-10-17,01-10-17,2017,October,"17-Oct"
Prod016,Cus005,Mark004,17-10-17,7,7644,"INR",17-10-17,01-10-17,2017,October,"17-Oct"
Prod016,Cus005,Mark004,21-11-17,1,157,"INR",21-11-17,01-11-17,2017,November,"17-Nov"
Prod016,Cus007,Mark004,24-11-17,8,10972,"INR",24-11-17,01-11-17,2017,November,"17-Nov"
Prod016,Cus007,Mark004,01-12-17,1,1218,"INR",1-12-17,01-12-17,2017,December,"17-Dec"
Prod016,Cus007,Mark004,04-12-17,9,13407,"INR",4-12-17,01-12-17,2017,December,"17-Dec"
Prod016,Cus005,Mark006,10-01-18,5,0,"INR",10-1-18,01-01-18,2018,January,"18-Jan"
Prod016,Cus007,Mark004,12-01-18,1,245,"INR",12-1-18,01-01-18,2018,January,"18-Jan"
Prod016,Cus007,Mark004,22-02-18,1,245,"INR",22-2-18,01-02-18,2018,February,"18-Feb"
Prod016,Cus001,Mark001,28-06-18,187,115481,"INR",28-6-18,01-06-18,2018,June,"18-Jun"
Prod016,Cus006,Mark004,29-06-18,38,78986,"INR",29-6-18,01-06-18,2018,June,"18-Jun"
Prod016,Cus006,Mark004,02-07-18,119,245546,"INR",2-7-18,01-07-18,2018,July,"18-Jul"
Prod016,Cus006,Mark004,03-07-18,79,162292,"INR",3-7-18,01-07-18,2018,July,"18-Jul"
Prod016,Cus006,Mark004,04-07-18,1,412,"INR",4-7-18,01-07-18,2018,July,"18-Jul"
Prod016,Cus006,Mark004,06-07-18,5,7981,"INR",6-7-18,01-07-18,2018,July,"18-Jul"
Prod016,Cus006,Mark004,11-07-18,19,27505,"INR",11-7-18,01-07-18,2018,July,"18-Jul"
Prod016,Cus021,Mark005,13-07-18,173,145921,"INR",13-7-18,01-07-18,2018,July,"18-Jul"
Prod016,Cus006,Mark004,13-07-18,1,546,"INR",13-7-18,01-07-18,2018,July,"18-Jul"
Prod016,Cus006,Mark004,19-07-18,20,28167,"INR",19-7-18,01-07-18,2018,July,"18-Jul"
Prod016,Cus006,Mark004,24-07-18,23,32764,"INR",24-7-18,01-07-18,2018,July,"18-Jul"
Prod016,Cus006,Mark004,25-07-18,5,6648,"INR",25-7-18,01-07-18,2018,July,"18-Jul"
Prod016,Cus006,Mark004,26-07-18,28,40366,"INR",26-7-18,01-07-18,2018,July,"18-Jul"
Prod016,Cus006,Mark004,27-07-18,3,4273,"INR",27-7-18,01-07-18,2018,July,"18-Jul"
Prod016,Cus006,Mark004,31-07-18,1,949,"INR",31-7-18,01-07-18,2018,July,"18-Jul"
Prod016,Cus006,Mark004,01-08-18,1,477,"INR",1-8-18,01-08-18,2018,August,"18-Aug"
Prod016,Cus006,Mark004,02-08-18,1,949,"INR",2-8-18,01-08-18,2018,August,"18-Aug"
Prod016,Cus006,Mark004,03-08-18,41,70356,"INR",3-8-18,01-08-18,2018,August,"18-Aug"
Prod016,Cus005,Mark004,07-08-18,7,6528,"INR",7-8-18,01-08-18,2018,August,"18-Aug"
Prod016,Cus006,Mark004,07-08-18,1,477,"INR",7-8-18,01-08-18,2018,August,"18-Aug"
Prod016,Cus006,Mark004,10-08-18,12,19727,"INR",10-8-18,01-08-18,2018,August,"18-Aug"
Prod016,Cus006,Mark004,15-08-18,2,3324,"INR",15-8-18,01-08-18,2018,August,"18-Aug"
Prod016,Cus007,Mark004,12-09-18,227,103889,"INR",12-9-18,01-09-18,2018,September,"18-Sep"
Prod016,Cus007,Mark004,13-09-18,36,18167,"INR",13-9-18,01-09-18,2018,September,"18-Sep"
Prod016,Cus006,Mark004,06-02-19,112,106560,"INR",6-2-19,01-02-19,2019,February,"19-Feb"
Prod016,Cus006,Mark004,15-03-19,50,90130,"INR",15-3-19,01-03-19,2019,March,"19-Mar"
Prod016,Cus006,Mark004,22-03-19,30,54079,"INR",22-3-19,01-03-19,2019,March,"19-Mar"
Prod016,Cus021,Mark005,08-05-19,182,153815,"INR",8-5-19,01-05-19,2019,May,"19-May"
Prod016,Cus005,Mark004,17-05-19,1,306,"INR",17-5-19,01-05-19,2019,May,"19-May"
Prod016,Cus021,Mark005,12-07-19,157,132519,"INR",12-7-19,01-07-19,2019,July,"19-Jul"
Prod016,Cus006,Mark004,29-07-19,111,152833,"INR",29-7-19,01-07-19,2019,July,"19-Jul"
Prod016,Cus006,Mark004,01-08-19,7,10144,"INR",1-8-19,01-08-19,2019,August,"19-Aug"
Prod016,Cus006,Mark004,28-08-19,7,8991,"INR",28-8-19,01-08-19,2019,August,"19-Aug"
Prod016,Cus007,Mark004,06-09-19,1,1218,"INR",6-9-19,01-09-19,2019,September,"19-Sep"
Prod016,Cus007,Mark004,13-09-19,1,1708,"INR",13-9-19,01-09-19,2019,September,"19-Sep"
Prod016,Cus007,Mark004,19-09-19,177,79676,"INR",19-9-19,01-09-19,2019,September,"19-Sep"
Prod016,Cus007,Mark004,20-09-19,1,486,"INR",20-9-19,01-09-19,2019,September,"19-Sep"
Prod016,Cus006,Mark004,10-10-19,18,25356,"INR",10-10-19,01-10-19,2019,October,"19-Oct"
Prod016,Cus006,Mark004,07-11-19,13,17519,"INR",7-11-19,01-11-19,2019,November,"19-Nov"
Prod016,Cus007,Mark004,29-11-19,4,6338,"INR",29-11-19,01-11-19,2019,November,"19-Nov"
Prod017,Cus022,Mark002,05-10-17,4,9190,"INR",5-10-17,01-10-17,2017,October,"17-Oct"
Prod017,Cus016,Mark002,06-10-17,4,8384,"INR",6-10-17,01-10-17,2017,October,"17-Oct"
Prod017,Cus016,Mark002,12-10-17,2,4889,"INR",12-10-17,01-10-17,2017,October,"17-Oct"
Prod017,Cus016,Mark002,13-10-17,2,3495,"INR",13-10-17,01-10-17,2017,October,"17-Oct"
Prod017,Cus023,Mark002,13-10-17,1,2065,"INR",13-10-17,01-10-17,2017,October,"17-Oct"
Prod017,Cus023,Mark002,25-10-17,1,1380,"INR",25-10-17,01-10-17,2017,October,"17-Oct"
Prod017,Cus016,Mark002,27-10-17,6,11870,"INR",27-10-17,01-10-17,2017,October,"17-Oct"
Prod017,Cus016,Mark002,03-11-17,6,12574,"INR",3-11-17,01-11-17,2017,November,"17-Nov"
Prod017,Cus016,Mark002,06-11-17,1,2796,"INR",6-11-17,01-11-17,2017,November,"17-Nov"
Prod017,Cus016,Mark002,10-11-17,2,4889,"INR",10-11-17,01-11-17,2017,November,"17-Nov"
Prod017,Cus016,Mark002,17-11-17,1,2792,"INR",17-11-17,01-11-17,2017,November,"17-Nov"
Prod017,Cus023,Mark002,20-11-17,33,68898,"INR",20-11-17,01-11-17,2017,November,"17-Nov"
Prod017,Cus016,Mark002,23-11-17,1,2792,"INR",23-11-17,01-11-17,2017,November,"17-Nov"
Prod017,Cus016,Mark002,24-11-17,3,6991,"INR",24-11-17,01-11-17,2017,November,"17-Nov"
Prod017,Cus024,Mark002,27-11-17,1,681,"INR",27-11-17,01-11-17,2017,November,"17-Nov"
Prod017,Cus023,Mark002,30-11-17,22,44782,"INR",30-11-17,01-11-17,2017,November,"17-Nov"
Prod017,Cus016,Mark002,01-12-17,13,26537,"INR",1-12-17,01-12-17,2017,December,"17-Dec"
Prod017,Cus023,Mark002,06-12-17,2,3444,"INR",6-12-17,01-12-17,2017,December,"17-Dec"
Prod017,Cus016,Mark002,07-12-17,2,4190,"INR",7-12-17,01-12-17,2017,December,"17-Dec"
Prod017,Cus023,Mark002,07-12-17,1,2755,"INR",7-12-17,01-12-17,2017,December,"17-Dec"
Prod017,Cus016,Mark002,08-12-17,9,18852,"INR",8-12-17,01-12-17,2017,December,"17-Dec"
Prod017,Cus023,Mark002,12-12-17,1,1380,"INR",12-12-17,01-12-17,2017,December,"17-Dec"
Prod017,Cus016,Mark002,14-12-17,3,6287,"INR",14-12-17,01-12-17,2017,December,"17-Dec"
Prod017,Cus016,Mark002,15-12-17,20,41199,"INR",15-12-17,01-12-17,2017,December,"17-Dec"
Prod017,Cus024,Mark002,18-12-17,1,1356,"INR",18-12-17,01-12-17,2017,December,"17-Dec"
Prod017,Cus024,Mark002,19-12-17,1,681,"INR",19-12-17,01-12-17,2017,December,"17-Dec"
Prod017,Cus016,Mark002,21-12-17,3,5588,"INR",21-12-17,01-12-17,2017,December,"17-Dec"
Prod017,Cus016,Mark002,22-12-17,15,32125,"INR",22-12-17,01-12-17,2017,December,"17-Dec"
Prod017,Cus023,Mark002,22-12-17,7,13778,"INR",22-12-17,01-12-17,2017,December,"17-Dec"
Prod017,Cus016,Mark002,02-01-18,2,4194,"INR",2-1-18,01-01-18,2018,January,"18-Jan"
Prod017,Cus024,Mark002,02-01-18,1,2713,"INR",2-1-18,01-01-18,2018,January,"18-Jan"
Prod017,Cus016,Mark002,05-01-18,31,65648,"INR",5-1-18,01-01-18,2018,January,"18-Jan"
Prod017,Cus023,Mark002,08-01-18,23,48231,"INR",8-1-18,01-01-18,2018,January,"18-Jan"
Prod017,Cus016,Mark002,12-01-18,8,16065,"INR",12-1-18,01-01-18,2018,January,"18-Jan"
Prod017,Cus024,Mark002,15-01-18,1,1356,"INR",15-1-18,01-01-18,2018,January,"18-Jan"
Prod017,Cus024,Mark002,16-01-18,1,1356,"INR",16-1-18,01-01-18,2018,January,"18-Jan"
Prod017,Cus024,Mark002,29-01-18,1,681,"INR",29-1-18,01-01-18,2018,January,"18-Jan"
Prod017,Cus016,Mark002,01-02-18,1,1398,"INR",1-2-18,01-02-18,2018,February,"18-Feb"
Prod017,Cus016,Mark002,02-02-18,10,20255,"INR",2-2-18,01-02-18,2018,February,"18-Feb"
Prod017,Cus024,Mark002,06-02-18,1,681,"INR",6-2-18,01-02-18,2018,February,"18-Feb"
Prod017,Cus016,Mark002,09-02-18,1,699,"INR",9-2-18,01-02-18,2018,February,"18-Feb"
Prod017,Cus022,Mark002,22-02-18,6,12014,"INR",22-2-18,01-02-18,2018,February,"18-Feb"
Prod017,Cus024,Mark002,10-04-18,1,681,"INR",10-4-18,01-04-18,2018,April,"18-Apr"
Prod017,Cus025,Mark002,19-04-18,19,43537,"INR",19-4-18,01-04-18,2018,April,"18-Apr"
Prod017,Cus024,Mark002,23-04-18,1,681,"INR",23-4-18,01-04-18,2018,April,"18-Apr"
Prod017,Cus025,Mark002,08-05-18,28,65310,"INR",8-5-18,01-05-18,2018,May,"18-May"
Prod017,Cus024,Mark002,15-05-18,1,681,"INR",15-5-18,01-05-18,2018,May,"18-May"
Prod017,Cus025,Mark002,04-06-18,9,21769,"INR",4-6-18,01-06-18,2018,June,"18-Jun"
Prod017,Cus025,Mark002,08-06-18,1,2176,"INR",8-6-18,01-06-18,2018,June,"18-Jun"
Prod018,Cus023,Mark002,16-01-18,8,17222,"INR",16-1-18,01-01-18,2018,January,"18-Jan"
Prod018,Cus023,Mark002,17-01-18,24,48917,"INR",17-1-18,01-01-18,2018,January,"18-Jan"
Prod018,Cus023,Mark002,09-02-18,1,1380,"INR",9-2-18,01-02-18,2018,February,"18-Feb"
Prod018,Cus026,Mark008,12-02-18,13,26333,"INR",12-2-18,01-02-18,2018,February,"18-Feb"
Prod018,Cus026,Mark008,16-02-18,13,26333,"INR",16-2-18,01-02-18,2018,February,"18-Feb"
Prod018,Cus016,Mark002,22-02-18,1,347,"INR",22-2-18,01-02-18,2018,February,"18-Feb"
Prod018,Cus022,Mark002,22-02-18,3,6125,"INR",22-2-18,01-02-18,2018,February,"18-Feb"
Prod018,Cus016,Mark002,23-02-18,5,10824,"INR",23-2-18,01-02-18,2018,February,"18-Feb"
Prod018,Cus022,Mark002,26-02-18,1,3065,"INR",26-2-18,01-02-18,2018,February,"18-Feb"
Prod018,Cus023,Mark002,01-03-18,1,1380,"INR",1-3-18,01-03-18,2018,March,"18-Mar"
Prod018,Cus016,Mark002,02-03-18,2,3843,"INR",2-3-18,01-03-18,2018,March,"18-Mar"
Prod018,Cus022,Mark002,05-03-18,1,3065,"INR",5-3-18,01-03-18,2018,March,"18-Mar"
Prod018,Cus022,Mark002,06-03-18,1,3065,"INR",6-3-18,01-03-18,2018,March,"18-Mar"
Prod018,Cus022,Mark002,08-03-18,1,3065,"INR",8-3-18,01-03-18,2018,March,"18-Mar"
Prod018,Cus022,Mark002,09-03-18,1,3065,"INR",9-3-18,01-03-18,2018,March,"18-Mar"
Prod018,Cus022,Mark002,15-03-18,3,6130,"INR",15-3-18,01-03-18,2018,March,"18-Mar"
Prod018,Cus022,Mark002,19-03-18,1,3065,"INR",19-3-18,01-03-18,2018,March,"18-Mar"
Prod018,Cus025,Mark002,19-03-18,5,10884,"INR",19-3-18,01-03-18,2018,March,"18-Mar"
Prod018,Cus022,Mark002,20-03-18,1,3065,"INR",20-3-18,01-03-18,2018,March,"18-Mar"
Prod018,Cus022,Mark002,21-03-18,1,3065,"INR",21-3-18,01-03-18,2018,March,"18-Mar"
Prod018,Cus023,Mark002,21-03-18,1,343,"INR",21-3-18,01-03-18,2018,March,"18-Mar"
Prod018,Cus022,Mark002,23-03-18,1,3065,"INR",23-3-18,01-03-18,2018,March,"18-Mar"
Prod018,Cus023,Mark002,23-03-18,1,690,"INR",23-3-18,01-03-18,2018,March,"18-Mar"
Prod018,Cus022,Mark002,27-03-18,1,3065,"INR",27-3-18,01-03-18,2018,March,"18-Mar"
Prod018,Cus022,Mark002,28-03-18,1,3065,"INR",28-3-18,01-03-18,2018,March,"18-Mar"
Prod018,Cus022,Mark002,29-03-18,1,3065,"INR",29-3-18,01-03-18,2018,March,"18-Mar"
Prod018,Cus023,Mark002,29-03-18,1,1380,"INR",29-3-18,01-03-18,2018,March,"18-Mar"
Prod018,Cus022,Mark002,04-04-18,1,3065,"INR",4-4-18,01-04-18,2018,April,"18-Apr"
Prod018,Cus022,Mark002,06-04-18,5,12250,"INR",6-4-18,01-04-18,2018,April,"18-Apr"
Prod018,Cus023,Mark002,11-04-18,2,4130,"INR",11-4-18,01-04-18,2018,April,"18-Apr"
Prod018,Cus022,Mark002,12-04-18,3,6125,"INR",12-4-18,01-04-18,2018,April,"18-Apr"
Prod018,Cus025,Mark002,12-04-18,14,32653,"INR",12-4-18,01-04-18,2018,April,"18-Apr"
Prod018,Cus011,Mark003,13-04-18,11,37690,"INR",13-4-18,01-04-18,2018,April,"18-Apr"
Prod018,Cus022,Mark002,17-04-18,1,3065,"INR",17-4-18,01-04-18,2018,April,"18-Apr"
Prod018,Cus023,Mark002,18-04-18,2,3444,"INR",18-4-18,01-04-18,2018,April,"18-Apr"
Prod018,Cus022,Mark002,19-04-18,4,9190,"INR",19-4-18,01-04-18,2018,April,"18-Apr"
Prod018,Cus022,Mark002,20-04-18,1,3065,"INR",20-4-18,01-04-18,2018,April,"18-Apr"
Prod018,Cus022,Mark002,23-04-18,1,3065,"INR",23-4-18,01-04-18,2018,April,"18-Apr"
Prod018,Cus024,Mark002,24-04-18,2,3056,"INR",24-4-18,01-04-18,2018,April,"18-Apr"
Prod018,Cus011,Mark003,27-04-18,10,34157,"INR",27-4-18,01-04-18,2018,April,"18-Apr"
Prod018,Cus022,Mark002,27-04-18,1,3065,"INR",27-4-18,01-04-18,2018,April,"18-Apr"
Prod018,Cus022,Mark002,30-04-18,1,3065,"INR",30-4-18,01-04-18,2018,April,"18-Apr"
Prod018,Cus024,Mark002,30-04-18,2,3056,"INR",30-4-18,01-04-18,2018,April,"18-Apr"
Prod018,Cus023,Mark002,30-04-18,1,2065,"INR",30-4-18,01-04-18,2018,April,"18-Apr"
Prod018,Cus022,Mark002,03-05-18,3,6125,"INR",3-5-18,01-05-18,2018,May,"18-May"
Prod018,Cus023,Mark002,03-05-18,1,1380,"INR",3-5-18,01-05-18,2018,May,"18-May"
Prod018,Cus022,Mark002,04-05-18,4,9190,"INR",4-5-18,01-05-18,2018,May,"18-May"
Prod018,Cus011,Mark003,07-05-18,6,20023,"INR",7-5-18,01-05-18,2018,May,"18-May"
Prod018,Cus022,Mark002,09-05-18,1,3065,"INR",9-5-18,01-05-18,2018,May,"18-May"
Prod018,Cus022,Mark002,09-05-18,13,28269,"INR",9-5-18,01-05-18,2018,May,"18-May"
Prod018,Cus022,Mark002,14-05-18,1,3065,"INR",14-5-18,01-05-18,2018,May,"18-May"
Prod018,Cus024,Mark002,14-05-18,2,3056,"INR",14-5-18,01-05-18,2018,May,"18-May"
Prod018,Cus024,Mark002,15-05-18,2,3056,"INR",15-5-18,01-05-18,2018,May,"18-May"
Prod018,Cus022,Mark002,16-05-18,1,3065,"INR",16-5-18,01-05-18,2018,May,"18-May"
Prod018,Cus022,Mark002,16-05-18,13,28269,"INR",16-5-18,01-05-18,2018,May,"18-May"
Prod018,Cus011,Mark003,17-05-18,1,1176,"INR",17-5-18,01-05-18,2018,May,"18-May"
Prod018,Cus022,Mark002,17-05-18,3,6125,"INR",17-5-18,01-05-18,2018,May,"18-May"
Prod018,Cus022,Mark002,17-05-18,27,56537,"INR",17-5-18,01-05-18,2018,May,"18-May"
Prod018,Cus011,Mark003,18-05-18,5,16491,"INR",18-5-18,01-05-18,2018,May,"18-May"
Prod018,Cus022,Mark002,18-05-18,1,3065,"INR",18-5-18,01-05-18,2018,May,"18-May"
Prod018,Cus022,Mark002,18-05-18,13,28269,"INR",18-5-18,01-05-18,2018,May,"18-May"
Prod018,Cus024,Mark002,21-05-18,2,3056,"INR",21-5-18,01-05-18,2018,May,"18-May"
Prod018,Cus024,Mark002,22-05-18,2,3056,"INR",22-5-18,01-05-18,2018,May,"18-May"
Prod018,Cus022,Mark002,23-05-18,1,3065,"INR",23-5-18,01-05-18,2018,May,"18-May"
Prod018,Cus022,Mark002,24-05-18,1,3065,"INR",24-5-18,01-05-18,2018,May,"18-May"
Prod018,Cus022,Mark002,25-05-18,1,3065,"INR",25-5-18,01-05-18,2018,May,"18-May"
Prod018,Cus011,Mark003,28-05-18,4,14134,"INR",28-5-18,01-05-18,2018,May,"18-May"
Prod018,Cus022,Mark002,30-05-18,3,6125,"INR",30-5-18,01-05-18,2018,May,"18-May"
Prod018,Cus011,Mark003,01-06-18,5,16491,"INR",1-6-18,01-06-18,2018,June,"18-Jun"
Prod018,Cus022,Mark002,01-06-18,1,3065,"INR",1-6-18,01-06-18,2018,June,"18-Jun"
Prod018,Cus022,Mark002,04-06-18,1,3065,"INR",4-6-18,01-06-18,2018,June,"18-Jun"
Prod018,Cus022,Mark002,05-06-18,1,3065,"INR",5-6-18,01-06-18,2018,June,"18-Jun"
Prod018,Cus022,Mark002,07-06-18,3,6125,"INR",7-6-18,01-06-18,2018,June,"18-Jun"
Prod018,Cus011,Mark003,11-06-18,11,40046,"INR",11-6-18,01-06-18,2018,June,"18-Jun"
Prod018,Cus022,Mark002,11-06-18,1,3065,"INR",11-6-18,01-06-18,2018,June,"18-Jun"
Prod018,Cus022,Mark002,12-06-18,1,3065,"INR",12-6-18,01-06-18,2018,June,"18-Jun"
Prod018,Cus024,Mark002,12-06-18,1,338,"INR",12-6-18,01-06-18,2018,June,"18-Jun"
Prod018,Cus022,Mark002,13-06-18,1,3065,"INR",13-6-18,01-06-18,2018,June,"18-Jun"
Prod018,Cus022,Mark002,14-06-18,5,12250,"INR",14-6-18,01-06-18,2018,June,"18-Jun"
Prod018,Cus023,Mark002,14-06-18,7,14407,"INR",14-6-18,01-06-18,2018,June,"18-Jun"
Prod018,Cus022,Mark002,15-06-18,3,6125,"INR",15-6-18,01-06-18,2018,June,"18-Jun"
Prod018,Cus011,Mark003,19-06-18,7,25912,"INR",19-6-18,01-06-18,2018,June,"18-Jun"
Prod018,Cus026,Mark008,19-06-18,27,52667,"INR",19-6-18,01-06-18,2018,June,"18-Jun"
Prod018,Cus022,Mark002,19-06-18,1,3065,"INR",19-6-18,01-06-18,2018,June,"18-Jun"
Prod018,Cus024,Mark002,19-06-18,1,338,"INR",19-6-18,01-06-18,2018,June,"18-Jun"
Prod018,Cus023,Mark002,19-06-18,2,4319,"INR",19-6-18,01-06-18,2018,June,"18-Jun"
Prod018,Cus022,Mark002,20-06-18,1,3065,"INR",20-6-18,01-06-18,2018,June,"18-Jun"
Prod018,Cus025,Mark002,20-06-18,108,251903,"INR",20-6-18,01-06-18,2018,June,"18-Jun"
Prod018,Cus022,Mark002,21-06-18,5,12250,"INR",21-6-18,01-06-18,2018,June,"18-Jun"
Prod018,Cus023,Mark002,21-06-18,1,1440,"INR",21-6-18,01-06-18,2018,June,"18-Jun"
Prod018,Cus011,Mark003,25-06-18,6,21199,"INR",25-6-18,01-06-18,2018,June,"18-Jun"
Prod018,Cus022,Mark002,25-06-18,1,3065,"INR",25-6-18,01-06-18,2018,June,"18-Jun"
Prod018,Cus022,Mark002,27-06-18,3,6125,"INR",27-6-18,01-06-18,2018,June,"18-Jun"
Prod018,Cus022,Mark002,28-06-18,3,6125,"INR",28-6-18,01-06-18,2018,June,"18-Jun"
Prod018,Cus023,Mark002,28-06-18,1,361,"INR",28-6-18,01-06-18,2018,June,"18-Jun"
Prod018,Cus022,Mark002,29-06-18,1,3065,"INR",29-6-18,01-06-18,2018,June,"18-Jun"
Prod018,Cus011,Mark003,02-07-18,16,55356,"INR",2-7-18,01-07-18,2018,July,"18-Jul"
Prod018,Cus022,Mark002,02-07-18,1,3065,"INR",2-7-18,01-07-18,2018,July,"18-Jul"
Prod018,Cus022,Mark002,05-07-18,4,9190,"INR",5-7-18,01-07-18,2018,July,"18-Jul"
Prod018,Cus022,Mark002,06-07-18,3,6125,"INR",6-7-18,01-07-18,2018,July,"18-Jul"
Prod018,Cus011,Mark003,09-07-18,8,29444,"INR",9-7-18,01-07-18,2018,July,"18-Jul"
Prod018,Cus022,Mark002,09-07-18,1,3065,"INR",9-7-18,01-07-18,2018,July,"18-Jul"
Prod018,Cus022,Mark002,10-07-18,1,3065,"INR",10-7-18,01-07-18,2018,July,"18-Jul"
Prod018,Cus024,Mark002,10-07-18,1,338,"INR",10-7-18,01-07-18,2018,July,"18-Jul"
Prod018,Cus023,Mark002,10-07-18,1,1440,"INR",10-7-18,01-07-18,2018,July,"18-Jul"
Prod018,Cus022,Mark002,11-07-18,1,3065,"INR",11-7-18,01-07-18,2018,July,"18-Jul"
Prod018,Cus023,Mark002,12-07-18,1,2162,"INR",12-7-18,01-07-18,2018,July,"18-Jul"
Prod018,Cus022,Mark002,13-07-18,1,3065,"INR",13-7-18,01-07-18,2018,July,"18-Jul"
Prod018,Cus022,Mark002,16-07-18,1,3065,"INR",16-7-18,01-07-18,2018,July,"18-Jul"
Prod018,Cus011,Mark003,17-07-18,2,7065,"INR",17-7-18,01-07-18,2018,July,"18-Jul"
Prod018,Cus022,Mark002,17-07-18,5,12250,"INR",17-7-18,01-07-18,2018,July,"18-Jul"
Prod018,Cus022,Mark002,19-07-18,3,6125,"INR",19-7-18,01-07-18,2018,July,"18-Jul"
Prod018,Cus022,Mark002,19-07-18,13,28269,"INR",19-7-18,01-07-18,2018,July,"18-Jul"
Prod018,Cus023,Mark002,20-07-18,1,1440,"INR",20-7-18,01-07-18,2018,July,"18-Jul"
Prod018,Cus022,Mark002,25-07-18,3,6125,"INR",25-7-18,01-07-18,2018,July,"18-Jul"
Prod018,Cus022,Mark002,26-07-18,1,3065,"INR",26-7-18,01-07-18,2018,July,"18-Jul"
Prod018,Cus022,Mark002,27-07-18,1,3065,"INR",27-7-18,01-07-18,2018,July,"18-Jul"
Prod018,Cus022,Mark002,30-07-18,1,3065,"INR",30-7-18,01-07-18,2018,July,"18-Jul"
Prod018,Cus023,Mark002,30-07-18,1,2162,"INR",30-7-18,01-07-18,2018,July,"18-Jul"
Prod018,Cus022,Mark002,01-08-18,1,3065,"INR",1-8-18,01-08-18,2018,August,"18-Aug"
Prod018,Cus022,Mark002,02-08-18,1,3065,"INR",2-8-18,01-08-18,2018,August,"18-Aug"
Prod018,Cus025,Mark002,02-08-18,24,55977,"INR",2-8-18,01-08-18,2018,August,"18-Aug"
Prod018,Cus022,Mark002,03-08-18,1,3065,"INR",3-8-18,01-08-18,2018,August,"18-Aug"
Prod018,Cus022,Mark002,06-08-18,1,3065,"INR",6-8-18,01-08-18,2018,August,"18-Aug"
Prod018,Cus022,Mark002,08-08-18,3,6125,"INR",8-8-18,01-08-18,2018,August,"18-Aug"
Prod018,Cus022,Mark002,09-08-18,1,3065,"INR",9-8-18,01-08-18,2018,August,"18-Aug"
Prod018,Cus025,Mark002,09-08-18,5,10495,"INR",9-8-18,01-08-18,2018,August,"18-Aug"
Prod018,Cus011,Mark003,10-08-18,13,45935,"INR",10-8-18,01-08-18,2018,August,"18-Aug"
Prod018,Cus022,Mark002,10-08-18,3,6125,"INR",10-8-18,01-08-18,2018,August,"18-Aug"
Prod018,Cus022,Mark002,13-08-18,3,6125,"INR",13-8-18,01-08-18,2018,August,"18-Aug"
Prod018,Cus025,Mark002,13-08-18,15,34986,"INR",13-8-18,01-08-18,2018,August,"18-Aug"
Prod018,Cus022,Mark002,14-08-18,1,3065,"INR",14-8-18,01-08-18,2018,August,"18-Aug"
Prod018,Cus022,Mark002,14-08-18,13,28269,"INR",14-8-18,01-08-18,2018,August,"18-Aug"
Prod018,Cus022,Mark002,17-08-18,4,9190,"INR",17-8-18,01-08-18,2018,August,"18-Aug"
Prod018,Cus025,Mark002,17-08-18,15,34986,"INR",17-8-18,01-08-18,2018,August,"18-Aug"
Prod018,Cus011,Mark003,20-08-18,10,36509,"INR",20-8-18,01-08-18,2018,August,"18-Aug"
Prod018,Cus022,Mark002,21-08-18,5,12250,"INR",21-8-18,01-08-18,2018,August,"18-Aug"
Prod018,Cus024,Mark002,21-08-18,1,338,"INR",21-8-18,01-08-18,2018,August,"18-Aug"
Prod018,Cus022,Mark002,22-08-18,1,3065,"INR",22-8-18,01-08-18,2018,August,"18-Aug"
Prod018,Cus022,Mark002,23-08-18,3,6125,"INR",23-8-18,01-08-18,2018,August,"18-Aug"
Prod018,Cus025,Mark002,23-08-18,12,27991,"INR",23-8-18,01-08-18,2018,August,"18-Aug"
Prod018,Cus022,Mark002,24-08-18,3,6125,"INR",24-8-18,01-08-18,2018,August,"18-Aug"
Prod018,Cus011,Mark003,27-08-18,13,45935,"INR",27-8-18,01-08-18,2018,August,"18-Aug"
Prod018,Cus022,Mark002,29-08-18,1,3065,"INR",29-8-18,01-08-18,2018,August,"18-Aug"
Prod018,Cus023,Mark002,29-08-18,1,361,"INR",29-8-18,01-08-18,2018,August,"18-Aug"
Prod018,Cus022,Mark002,31-08-18,7,15315,"INR",31-8-18,01-08-18,2018,August,"18-Aug"
Prod018,Cus025,Mark002,31-08-18,20,45481,"INR",31-8-18,01-08-18,2018,August,"18-Aug"
Prod018,Cus011,Mark003,03-09-18,40,140157,"INR",3-9-18,01-09-18,2018,September,"18-Sep"
Prod018,Cus022,Mark002,03-09-18,1,3065,"INR",3-9-18,01-09-18,2018,September,"18-Sep"
Prod018,Cus025,Mark002,03-09-18,8,17495,"INR",3-9-18,01-09-18,2018,September,"18-Sep"
Prod018,Cus022,Mark002,04-09-18,13,28269,"INR",4-9-18,01-09-18,2018,September,"18-Sep"
Prod018,Cus025,Mark002,06-09-18,15,34986,"INR",6-9-18,01-09-18,2018,September,"18-Sep"
Prod018,Cus023,Mark002,06-09-18,1,361,"INR",6-9-18,01-09-18,2018,September,"18-Sep"
Prod018,Cus022,Mark002,07-09-18,1,3065,"INR",7-9-18,01-09-18,2018,September,"18-Sep"
Prod018,Cus025,Mark002,07-09-18,26,59477,"INR",7-9-18,01-09-18,2018,September,"18-Sep"
Prod018,Cus023,Mark002,07-09-18,1,1079,"INR",7-9-18,01-09-18,2018,September,"18-Sep"
Prod018,Cus022,Mark002,10-09-18,3,6125,"INR",10-9-18,01-09-18,2018,September,"18-Sep"
Prod018,Cus024,Mark002,12-09-18,1,681,"INR",12-9-18,01-09-18,2018,September,"18-Sep"
Prod018,Cus022,Mark002,13-09-18,3,6130,"INR",13-9-18,01-09-18,2018,September,"18-Sep"
Prod018,Cus025,Mark002,13-09-18,8,17495,"INR",13-9-18,01-09-18,2018,September,"18-Sep"
Prod018,Cus023,Mark002,13-09-18,1,1440,"INR",13-9-18,01-09-18,2018,September,"18-Sep"
Prod018,Cus022,Mark002,14-09-18,3,6125,"INR",14-9-18,01-09-18,2018,September,"18-Sep"
Prod018,Cus022,Mark002,17-09-18,1,3065,"INR",17-9-18,01-09-18,2018,September,"18-Sep"
Prod018,Cus024,Mark002,18-09-18,1,676,"INR",18-9-18,01-09-18,2018,September,"18-Sep"
Prod018,Cus022,Mark002,19-09-18,1,3065,"INR",19-9-18,01-09-18,2018,September,"18-Sep"
Prod018,Cus022,Mark002,21-09-18,1,3065,"INR",21-9-18,01-09-18,2018,September,"18-Sep"
Prod018,Cus022,Mark002,21-09-18,13,28269,"INR",21-9-18,01-09-18,2018,September,"18-Sep"
Prod018,Cus022,Mark002,24-09-18,1,3065,"INR",24-9-18,01-09-18,2018,September,"18-Sep"
Prod018,Cus016,Mark002,26-09-18,12,24792,"INR",26-9-18,01-09-18,2018,September,"18-Sep"
Prod018,Cus022,Mark002,26-09-18,1,3065,"INR",26-9-18,01-09-18,2018,September,"18-Sep"
Prod018,Cus022,Mark002,27-09-18,1,3065,"INR",27-9-18,01-09-18,2018,September,"18-Sep"
Prod018,Cus022,Mark002,28-09-18,1,3065,"INR",28-9-18,01-09-18,2018,September,"18-Sep"
Prod018,Cus023,Mark002,28-09-18,1,1440,"INR",28-9-18,01-09-18,2018,September,"18-Sep"
Prod018,Cus016,Mark002,01-10-18,6,11519,"INR",1-10-18,01-10-18,2018,October,"18-Oct"
Prod018,Cus022,Mark002,01-10-18,1,3065,"INR",1-10-18,01-10-18,2018,October,"18-Oct"
Prod018,Cus024,Mark002,01-10-18,1,1356,"INR",1-10-18,01-10-18,2018,October,"18-Oct"
Prod018,Cus024,Mark002,02-10-18,1,1019,"INR",2-10-18,01-10-18,2018,October,"18-Oct"
Prod018,Cus022,Mark002,03-10-18,1,3065,"INR",3-10-18,01-10-18,2018,October,"18-Oct"
Prod018,Cus011,Mark003,08-10-18,1,1176,"INR",8-10-18,01-10-18,2018,October,"18-Oct"
Prod018,Cus016,Mark002,08-10-18,1,1398,"INR",8-10-18,01-10-18,2018,October,"18-Oct"
Prod018,Cus022,Mark002,08-10-18,3,6125,"INR",8-10-18,01-10-18,2018,October,"18-Oct"
Prod018,Cus022,Mark002,09-10-18,4,9190,"INR",9-10-18,01-10-18,2018,October,"18-Oct"
Prod018,Cus022,Mark002,11-10-18,1,3065,"INR",11-10-18,01-10-18,2018,October,"18-Oct"
Prod018,Cus025,Mark002,11-10-18,8,17495,"INR",11-10-18,01-10-18,2018,October,"18-Oct"
Prod018,Cus023,Mark002,11-10-18,1,722,"INR",11-10-18,01-10-18,2018,October,"18-Oct"
Prod018,Cus016,Mark002,12-10-18,8,17463,"INR",12-10-18,01-10-18,2018,October,"18-Oct"
Prod018,Cus022,Mark002,12-10-18,5,12250,"INR",12-10-18,01-10-18,2018,October,"18-Oct"
Prod018,Cus022,Mark002,12-10-18,80,169606,"INR",12-10-18,01-10-18,2018,October,"18-Oct"
Prod018,Cus025,Mark002,15-10-18,8,17495,"INR",15-10-18,01-10-18,2018,October,"18-Oct"
Prod018,Cus022,Mark002,17-10-18,1,3065,"INR",17-10-18,01-10-18,2018,October,"18-Oct"
Prod018,Cus024,Mark002,17-10-18,1,338,"INR",17-10-18,01-10-18,2018,October,"18-Oct"
Prod018,Cus022,Mark002,17-10-18,13,28269,"INR",17-10-18,01-10-18,2018,October,"18-Oct"
Prod018,Cus022,Mark002,18-10-18,1,3065,"INR",18-10-18,01-10-18,2018,October,"18-Oct"
Prod018,Cus025,Mark002,18-10-18,8,17495,"INR",18-10-18,01-10-18,2018,October,"18-Oct"
Prod018,Cus023,Mark002,18-10-18,1,361,"INR",18-10-18,01-10-18,2018,October,"18-Oct"
Prod018,Cus022,Mark002,19-10-18,1,3065,"INR",19-10-18,01-10-18,2018,October,"18-Oct"
Prod018,Cus022,Mark002,19-10-18,13,28269,"INR",19-10-18,01-10-18,2018,October,"18-Oct"
Prod018,Cus016,Mark002,22-10-18,2,3495,"INR",22-10-18,01-10-18,2018,October,"18-Oct"
Prod018,Cus022,Mark002,22-10-18,3,6125,"INR",22-10-18,01-10-18,2018,October,"18-Oct"
Prod018,Cus025,Mark002,22-10-18,3,6995,"INR",22-10-18,01-10-18,2018,October,"18-Oct"
Prod018,Cus016,Mark002,23-10-18,1,1745,"INR",23-10-18,01-10-18,2018,October,"18-Oct"
Prod018,Cus023,Mark002,23-10-18,1,722,"INR",23-10-18,01-10-18,2018,October,"18-Oct"
Prod018,Cus016,Mark002,24-10-18,2,4190,"INR",24-10-18,01-10-18,2018,October,"18-Oct"
Prod018,Cus022,Mark002,25-10-18,1,3065,"INR",25-10-18,01-10-18,2018,October,"18-Oct"
Prod018,Cus025,Mark002,25-10-18,17,38486,"INR",25-10-18,01-10-18,2018,October,"18-Oct"
Prod018,Cus022,Mark002,29-10-18,1,3065,"INR",29-10-18,01-10-18,2018,October,"18-Oct"
Prod018,Cus025,Mark002,29-10-18,23,52481,"INR",29-10-18,01-10-18,2018,October,"18-Oct"
Prod018,Cus016,Mark002,30-10-18,17,35963,"INR",30-10-18,01-10-18,2018,October,"18-Oct"
Prod018,Cus022,Mark002,30-10-18,13,28269,"INR",30-10-18,01-10-18,2018,October,"18-Oct"
Prod018,Cus022,Mark002,31-10-18,1,3065,"INR",31-10-18,01-10-18,2018,October,"18-Oct"
Prod018,Cus022,Mark002,01-11-18,15,33690,"INR",1-11-18,01-11-18,2018,November,"18-Nov"
Prod018,Cus022,Mark002,01-11-18,13,28269,"INR",1-11-18,01-11-18,2018,November,"18-Nov"
Prod018,Cus022,Mark002,02-11-18,3,6125,"INR",2-11-18,01-11-18,2018,November,"18-Nov"
Prod018,Cus023,Mark002,02-11-18,1,722,"INR",2-11-18,01-11-18,2018,November,"18-Nov"
Prod018,Cus022,Mark002,05-11-18,4,9190,"INR",5-11-18,01-11-18,2018,November,"18-Nov"
Prod018,Cus016,Mark002,06-11-18,18,38060,"INR",6-11-18,01-11-18,2018,November,"18-Nov"
Prod018,Cus025,Mark002,06-11-18,8,17495,"INR",6-11-18,01-11-18,2018,November,"18-Nov"
Prod018,Cus022,Mark002,06-11-18,13,28269,"INR",6-11-18,01-11-18,2018,November,"18-Nov"
Prod018,Cus016,Mark002,07-11-18,11,23394,"INR",7-11-18,01-11-18,2018,November,"18-Nov"
Prod018,Cus022,Mark002,08-11-18,4,9190,"INR",8-11-18,01-11-18,2018,November,"18-Nov"
Prod018,Cus025,Mark002,08-11-18,9,20991,"INR",8-11-18,01-11-18,2018,November,"18-Nov"
Prod018,Cus016,Mark002,09-11-18,21,43991,"INR",9-11-18,01-11-18,2018,November,"18-Nov"
Prod018,Cus022,Mark002,12-11-18,3,6125,"INR",12-11-18,01-11-18,2018,November,"18-Nov"
Prod018,Cus025,Mark002,12-11-18,15,34986,"INR",12-11-18,01-11-18,2018,November,"18-Nov"
Prod018,Cus022,Mark002,12-11-18,13,28269,"INR",12-11-18,01-11-18,2018,November,"18-Nov"
Prod018,Cus022,Mark002,13-11-18,1,3065,"INR",13-11-18,01-11-18,2018,November,"18-Nov"
Prod018,Cus022,Mark002,13-11-18,13,28269,"INR",13-11-18,01-11-18,2018,November,"18-Nov"
Prod018,Cus022,Mark002,14-11-18,1,3065,"INR",14-11-18,01-11-18,2018,November,"18-Nov"
Prod018,Cus022,Mark002,15-11-18,3,6125,"INR",15-11-18,01-11-18,2018,November,"18-Nov"
Prod018,Cus025,Mark002,15-11-18,8,17495,"INR",15-11-18,01-11-18,2018,November,"18-Nov"
Prod018,Cus016,Mark002,16-11-18,37,77870,"INR",16-11-18,01-11-18,2018,November,"18-Nov"
Prod018,Cus022,Mark002,16-11-18,13,28269,"INR",16-11-18,01-11-18,2018,November,"18-Nov"
Prod018,Cus025,Mark002,20-11-18,8,17495,"INR",20-11-18,01-11-18,2018,November,"18-Nov"
Prod018,Cus022,Mark002,20-11-18,13,28269,"INR",20-11-18,01-11-18,2018,November,"18-Nov"
Prod018,Cus022,Mark002,21-11-18,1,3065,"INR",21-11-18,01-11-18,2018,November,"18-Nov"
Prod018,Cus022,Mark002,22-11-18,3,6125,"INR",22-11-18,01-11-18,2018,November,"18-Nov"
Prod018,Cus025,Mark002,22-11-18,23,52481,"INR",22-11-18,01-11-18,2018,November,"18-Nov"
Prod018,Cus022,Mark002,22-11-18,13,28269,"INR",22-11-18,01-11-18,2018,November,"18-Nov"
Prod018,Cus016,Mark002,23-11-18,6,13264,"INR",23-11-18,01-11-18,2018,November,"18-Nov"
Prod018,Cus022,Mark002,23-11-18,4,9190,"INR",23-11-18,01-11-18,2018,November,"18-Nov"
Prod018,Cus023,Mark002,23-11-18,17,36014,"INR",23-11-18,01-11-18,2018,November,"18-Nov"
Prod018,Cus016,Mark002,26-11-18,58,121509,"INR",26-11-18,01-11-18,2018,November,"18-Nov"
Prod018,Cus022,Mark002,27-11-18,13,28269,"INR",27-11-18,01-11-18,2018,November,"18-Nov"
Prod018,Cus023,Mark002,27-11-18,33,72028,"INR",27-11-18,01-11-18,2018,November,"18-Nov"
Prod018,Cus016,Mark002,29-11-18,22,46444,"INR",29-11-18,01-11-18,2018,November,"18-Nov"
Prod018,Cus022,Mark002,29-11-18,1,3065,"INR",29-11-18,01-11-18,2018,November,"18-Nov"
Prod018,Cus025,Mark002,29-11-18,8,17495,"INR",29-11-18,01-11-18,2018,November,"18-Nov"
Prod018,Cus022,Mark002,29-11-18,13,28269,"INR",29-11-18,01-11-18,2018,November,"18-Nov"
Prod018,Cus022,Mark002,03-12-18,1,3065,"INR",3-12-18,01-12-18,2018,December,"18-Dec"
Prod018,Cus025,Mark002,03-12-18,8,17495,"INR",3-12-18,01-12-18,2018,December,"18-Dec"
Prod018,Cus022,Mark002,04-12-18,1,3065,"INR",4-12-18,01-12-18,2018,December,"18-Dec"
Prod018,Cus022,Mark002,04-12-18,13,28269,"INR",4-12-18,01-12-18,2018,December,"18-Dec"
Prod018,Cus022,Mark002,06-12-18,1,3065,"INR",6-12-18,01-12-18,2018,December,"18-Dec"
Prod018,Cus025,Mark002,06-12-18,15,34986,"INR",6-12-18,01-12-18,2018,December,"18-Dec"
Prod018,Cus022,Mark002,06-12-18,13,28269,"INR",6-12-18,01-12-18,2018,December,"18-Dec"
Prod018,Cus016,Mark002,07-12-18,59,122898,"INR",7-12-18,01-12-18,2018,December,"18-Dec"
Prod018,Cus022,Mark002,10-12-18,1,3065,"INR",10-12-18,01-12-18,2018,December,"18-Dec"
Prod018,Cus025,Mark002,10-12-18,23,52481,"INR",10-12-18,01-12-18,2018,December,"18-Dec"
Prod018,Cus022,Mark002,10-12-18,13,28269,"INR",10-12-18,01-12-18,2018,December,"18-Dec"
Prod018,Cus022,Mark002,12-12-18,1,3065,"INR",12-12-18,01-12-18,2018,December,"18-Dec"
Prod018,Cus016,Mark002,13-12-18,9,19556,"INR",13-12-18,01-12-18,2018,December,"18-Dec"
Prod018,Cus022,Mark002,13-12-18,1,3065,"INR",13-12-18,01-12-18,2018,December,"18-Dec"
Prod018,Cus025,Mark002,13-12-18,8,17495,"INR",13-12-18,01-12-18,2018,December,"18-Dec"
Prod018,Cus016,Mark002,14-12-18,18,38407,"INR",14-12-18,01-12-18,2018,December,"18-Dec"
Prod018,Cus022,Mark002,14-12-18,4,9190,"INR",14-12-18,01-12-18,2018,December,"18-Dec"
Prod018,Cus022,Mark002,17-12-18,3,6125,"INR",17-12-18,01-12-18,2018,December,"18-Dec"
Prod018,Cus025,Mark002,17-12-18,8,17495,"INR",17-12-18,01-12-18,2018,December,"18-Dec"
Prod018,Cus024,Mark002,17-12-18,1,338,"INR",17-12-18,01-12-18,2018,December,"18-Dec"
Prod018,Cus025,Mark002,18-12-18,11,24491,"INR",18-12-18,01-12-18,2018,December,"18-Dec"
Prod018,Cus022,Mark002,20-12-18,3,6125,"INR",20-12-18,01-12-18,2018,December,"18-Dec"
Prod018,Cus025,Mark002,20-12-18,72,167935,"INR",20-12-18,01-12-18,2018,December,"18-Dec"
Prod018,Cus016,Mark002,21-12-18,108,226963,"INR",21-12-18,01-12-18,2018,December,"18-Dec"
Prod018,Cus022,Mark002,21-12-18,4,9190,"INR",21-12-18,01-12-18,2018,December,"18-Dec"
Prod018,Cus022,Mark002,21-12-18,67,141343,"INR",21-12-18,01-12-18,2018,December,"18-Dec"
Prod018,Cus022,Mark002,28-12-18,5,12250,"INR",28-12-18,01-12-18,2018,December,"18-Dec"
Prod018,Cus025,Mark002,04-01-19,27,62977,"INR",4-1-19,01-01-19,2019,January,"19-Jan"
Prod018,Cus022,Mark002,07-01-19,1,3065,"INR",7-1-19,01-01-19,2019,January,"19-Jan"
Prod018,Cus024,Mark002,07-01-19,1,338,"INR",7-1-19,01-01-19,2019,January,"19-Jan"
Prod018,Cus022,Mark002,07-01-19,27,56532,"INR",7-1-19,01-01-19,2019,January,"19-Jan"
Prod018,Cus016,Mark002,08-01-19,8,17458,"INR",8-1-19,01-01-19,2019,January,"19-Jan"
Prod018,Cus022,Mark002,08-01-19,12,27565,"INR",8-1-19,01-01-19,2019,January,"19-Jan"
Prod018,Cus024,Mark002,08-01-19,1,338,"INR",8-1-19,01-01-19,2019,January,"19-Jan"
Prod018,Cus022,Mark002,10-01-19,1,3065,"INR",10-1-19,01-01-19,2019,January,"19-Jan"
Prod018,Cus016,Mark002,11-01-19,18,38065,"INR",11-1-19,01-01-19,2019,January,"19-Jan"
Prod018,Cus023,Mark002,11-01-19,1,722,"INR",11-1-19,01-01-19,2019,January,"19-Jan"
Prod018,Cus022,Mark002,14-01-19,1,3065,"INR",14-1-19,01-01-19,2019,January,"19-Jan"
Prod018,Cus024,Mark002,14-01-19,1,338,"INR",14-1-19,01-01-19,2019,January,"19-Jan"
Prod018,Cus022,Mark002,15-01-19,13,28269,"INR",15-1-19,01-01-19,2019,January,"19-Jan"
Prod018,Cus022,Mark002,16-01-19,12,27565,"INR",16-1-19,01-01-19,2019,January,"19-Jan"
Prod018,Cus022,Mark002,17-01-19,13,28269,"INR",17-1-19,01-01-19,2019,January,"19-Jan"
Prod018,Cus016,Mark002,18-01-19,20,41898,"INR",18-1-19,01-01-19,2019,January,"19-Jan"
Prod018,Cus022,Mark002,18-01-19,12,27565,"INR",18-1-19,01-01-19,2019,January,"19-Jan"
Prod018,Cus025,Mark002,21-01-19,45,104958,"INR",21-1-19,01-01-19,2019,January,"19-Jan"
Prod018,Cus023,Mark002,21-01-19,1,722,"INR",21-1-19,01-01-19,2019,January,"19-Jan"
Prod018,Cus022,Mark002,24-01-19,13,28269,"INR",24-1-19,01-01-19,2019,January,"19-Jan"
Prod018,Cus022,Mark002,25-01-19,53,113074,"INR",25-1-19,01-01-19,2019,January,"19-Jan"
Prod018,Cus016,Mark002,28-01-19,55,115921,"INR",28-1-19,01-01-19,2019,January,"19-Jan"
Prod018,Cus025,Mark002,28-01-19,24,55977,"INR",28-1-19,01-01-19,2019,January,"19-Jan"
Prod018,Cus025,Mark002,30-01-19,45,104958,"INR",30-1-19,01-01-19,2019,January,"19-Jan"
Prod018,Cus022,Mark002,31-01-19,8,18375,"INR",31-1-19,01-01-19,2019,January,"19-Jan"
Prod018,Cus025,Mark002,31-01-19,18,41981,"INR",31-1-19,01-01-19,2019,January,"19-Jan"
Prod018,Cus022,Mark002,31-01-19,13,28269,"INR",31-1-19,01-01-19,2019,January,"19-Jan"
Prod018,Cus023,Mark002,31-01-19,1,722,"INR",31-1-19,01-01-19,2019,January,"19-Jan"
Prod018,Cus016,Mark002,01-02-19,15,31421,"INR",1-2-19,01-02-19,2019,February,"19-Feb"
Prod018,Cus016,Mark002,04-02-19,34,71231,"INR",4-2-19,01-02-19,2019,February,"19-Feb"
Prod018,Cus023,Mark002,05-02-19,1,722,"INR",5-2-19,01-02-19,2019,February,"19-Feb"
Prod018,Cus022,Mark002,07-02-19,11,24500,"INR",7-2-19,01-02-19,2019,February,"19-Feb"
Prod018,Cus025,Mark002,07-02-19,15,34986,"INR",7-2-19,01-02-19,2019,February,"19-Feb"
Prod018,Cus022,Mark002,07-02-19,13,28269,"INR",7-2-19,01-02-19,2019,February,"19-Feb"
Prod018,Cus016,Mark002,08-02-19,26,55167,"INR",8-2-19,01-02-19,2019,February,"19-Feb"
Prod018,Cus022,Mark002,08-02-19,13,28269,"INR",8-2-19,01-02-19,2019,February,"19-Feb"
Prod018,Cus025,Mark002,11-02-19,8,17495,"INR",11-2-19,01-02-19,2019,February,"19-Feb"
Prod018,Cus022,Mark002,12-02-19,5,12250,"INR",12-2-19,01-02-19,2019,February,"19-Feb"
Prod018,Cus022,Mark002,12-02-19,13,28269,"INR",12-2-19,01-02-19,2019,February,"19-Feb"
Prod018,Cus022,Mark002,13-02-19,12,27565,"INR",13-2-19,01-02-19,2019,February,"19-Feb"
Prod018,Cus022,Mark002,14-02-19,7,15315,"INR",14-2-19,01-02-19,2019,February,"19-Feb"
Prod018,Cus025,Mark002,14-02-19,6,13995,"INR",14-2-19,01-02-19,2019,February,"19-Feb"
Prod018,Cus022,Mark002,14-02-19,13,28269,"INR",14-2-19,01-02-19,2019,February,"19-Feb"
Prod018,Cus016,Mark002,15-02-19,62,129546,"INR",15-2-19,01-02-19,2019,February,"19-Feb"
Prod018,Cus022,Mark002,15-02-19,4,9190,"INR",15-2-19,01-02-19,2019,February,"19-Feb"
Prod018,Cus022,Mark002,15-02-19,13,28269,"INR",15-2-19,01-02-19,2019,February,"19-Feb"
Prod018,Cus022,Mark002,18-02-19,3,6125,"INR",18-2-19,01-02-19,2019,February,"19-Feb"
Prod018,Cus025,Mark002,18-02-19,8,17495,"INR",18-2-19,01-02-19,2019,February,"19-Feb"
